class,x1,y1,x2,y2,x3,y3,x4,y4,x5,y5,x6,y6,x7,y7,x8,y8,x9,y9,x10,y10,x11,y11,x12,y12,x13,y13,x14,y14,x15,y15,x16,y16,x17,y17
normal
normal,0.0,0.0,0.0,0.0,0.0,0.0,0.0,0.0,505.50872802734375,160.665283203125,482.5987548828125,192.53758239746094,463.4566650390625,186.69615173339844,455.9568176269531,244.85377502441406,440.34716796875,231.94979858398438,470.1039123535156,276.54083251953125,475.79046630859375,273.91497802734375,417.465576171875,275.0323486328125,408.61456298828125,275.5845642089844,446.18572998046875,349.6622314453125,473.656982421875,357.1083068847656,0.0,0.0,454.4896240234375,414.59991455078125
normal,512.199951171875,172.51527404785156,0.0,0.0,513.5009765625,163.8468475341797,0.0,0.0,499.9609375,152.6966094970703,469.2845764160156,179.6729278564453,453.9591064453125,165.77650451660156,0.0,0.0,432.0284729003906,219.29954528808594,472.4076232910156,271.1126403808594,475.14898681640625,270.40399169921875,413.0140380859375,272.4294128417969,401.60760498046875,269.5829772949219,455.8797607421875,341.84527587890625,448.51361083984375,340.20458984375,0.0,0.0,419.6927490234375,416.8023376464844
normal,410.01092529296875,92.82950592041016,0.0,0.0,409.46044921875,81.51409912109375,0.0,0.0,386.3448486328125,69.45389556884766,370.02276611328125,123.77445983886719,335.28643798828125,92.82017517089844,0.0,0.0,268.04046630859375,131.56124877929688,0.0,0.0,280.3853454589844,206.308349609375,349.2449951171875,248.45773315429688,326.3379821777344,239.76087951660156,355.1087341308594,352.5022277832031,328.683349609375,341.448974609375,0.0,0.0,0.0,0.0
normal,402.4927673339844,85.94515228271484,0.0,0.0,400.9690246582031,75.36997985839844,0.0,0.0,377.16082763671875,65.82211303710938,367.4412841796875,116.25656127929688,326.7907409667969,90.75995635986328,0.0,0.0,260.3056640625,134.146728515625,0.0,0.0,269.01202392578125,203.53663635253906,344.1281433105469,241.5271453857422,318.0386047363281,235.03233337402344,350.63433837890625,350.38232421875,321.7776184082031,342.93084716796875,0.0,0.0,0.0,0.0
normal,402.4927673339844,85.94515228271484,0.0,0.0,400.9690246582031,75.36997985839844,0.0,0.0,377.16082763671875,65.82211303710938,367.4412841796875,116.25656127929688,326.7907409667969,90.75995635986328,0.0,0.0,260.3056640625,134.146728515625,0.0,0.0,269.01202392578125,203.53663635253906,344.1281433105469,241.5271453857422,318.0386047363281,235.03233337402344,350.63433837890625,350.38232421875,321.7776184082031,342.93084716796875,0.0,0.0,0.0,0.0
normal,395.0843505859375,77.6938705444336,0.0,0.0,394.2818603515625,68.35382843017578,0.0,0.0,363.5038757324219,61.875335693359375,324.90325927734375,97.75274658203125,322.7629089355469,87.5205078125,262.60906982421875,144.63612365722656,258.3058166503906,126.14226531982422,269.1668701171875,202.2510223388672,271.6687927246094,204.7379150390625,324.16107177734375,238.82177734375,319.40679931640625,239.9412384033203,349.8060302734375,342.3828125,336.779052734375,340.6569519042969,0.0,0.0,0.0,0.0
normal,395.0843505859375,77.6938705444336,0.0,0.0,394.2818603515625,68.35382843017578,0.0,0.0,363.5038757324219,61.875335693359375,324.90325927734375,97.75274658203125,322.7629089355469,87.5205078125,262.60906982421875,144.63612365722656,258.3058166503906,126.14226531982422,269.1668701171875,202.2510223388672,271.6687927246094,204.7379150390625,324.16107177734375,238.82177734375,319.40679931640625,239.9412384033203,349.8060302734375,342.3828125,336.779052734375,340.6569519042969,0.0,0.0,0.0,0.0
normal,311.1767578125,94.59922790527344,315.4002990722656,86.96533203125,305.7576599121094,83.6622314453125,0.0,0.0,275.9505920410156,77.6279296875,304.0470275878906,134.61602783203125,232.9851531982422,116.84952545166016,312.5894775390625,202.5234832763672,196.48660278320312,173.05679321289062,328.7981262207031,261.214111328125,177.0120849609375,236.37838745117188,280.9612731933594,257.35125732421875,231.61065673828125,251.68763732910156,285.3733825683594,363.7366638183594,220.01536560058594,359.0546569824219,0.0,0.0,0.0,0.0
normal,311.1767578125,94.59922790527344,315.4002990722656,86.96533203125,305.7576599121094,83.6622314453125,0.0,0.0,275.9505920410156,77.6279296875,304.0470275878906,134.61602783203125,232.9851531982422,116.84952545166016,312.5894775390625,202.5234832763672,196.48660278320312,173.05679321289062,328.7981262207031,261.214111328125,177.0120849609375,236.37838745117188,280.9612731933594,257.35125732421875,231.61065673828125,251.68763732910156,285.3733825683594,363.7366638183594,220.01536560058594,359.0546569824219,0.0,0.0,0.0,0.0
normal,291.6431884765625,89.96099853515625,294.95013427734375,83.04496765136719,287.2950744628906,79.55844116210938,0.0,0.0,259.5745849609375,74.36392211914062,286.1604309082031,129.2877197265625,212.122314453125,115.48509216308594,297.9851989746094,191.3628387451172,171.4993133544922,171.70675659179688,318.3318786621094,249.39474487304688,158.93226623535156,229.1715545654297,265.63677978515625,252.29368591308594,217.8016815185547,249.1453399658203,261.62786865234375,355.41534423828125,213.71250915527344,354.19024658203125,250.04222106933594,432.41351318359375,0.0,0.0
normal,291.6431884765625,89.96099853515625,294.95013427734375,83.04496765136719,287.2950744628906,79.55844116210938,0.0,0.0,259.5745849609375,74.36392211914062,286.1604309082031,129.2877197265625,212.122314453125,115.48509216308594,297.9851989746094,191.3628387451172,171.4993133544922,171.70675659179688,318.3318786621094,249.39474487304688,158.93226623535156,229.1715545654297,265.63677978515625,252.29368591308594,217.8016815185547,249.1453399658203,261.62786865234375,355.41534423828125,213.71250915527344,354.19024658203125,250.04222106933594,432.41351318359375,0.0,0.0
normal,291.6431884765625,89.96099853515625,294.95013427734375,83.04496765136719,287.2950744628906,79.55844116210938,0.0,0.0,259.5745849609375,74.36392211914062,286.1604309082031,129.2877197265625,212.122314453125,115.48509216308594,297.9851989746094,191.3628387451172,171.4993133544922,171.70675659179688,318.3318786621094,249.39474487304688,158.93226623535156,229.1715545654297,265.63677978515625,252.29368591308594,217.8016815185547,249.1453399658203,261.62786865234375,355.41534423828125,213.71250915527344,354.19024658203125,250.04222106933594,432.41351318359375,0.0,0.0
normal,289.6674499511719,90.73095703125,293.3659973144531,83.91607666015625,285.1211242675781,80.38468933105469,0.0,0.0,257.4922180175781,75.03424072265625,285.72802734375,129.40924072265625,211.56582641601562,115.13004302978516,297.7754211425781,191.990478515625,171.59652709960938,171.49916076660156,317.0117492675781,252.76101684570312,161.27536010742188,230.45726013183594,266.4502868652344,251.8135528564453,218.613037109375,248.4323272705078,261.7080993652344,353.97247314453125,214.7652587890625,352.2582702636719,248.639404296875,430.2383728027344,0.0,0.0
normal,299.15093994140625,133.98455810546875,307.93267822265625,124.32453155517578,290.265380859375,122.42822265625,326.68157958984375,114.83602905273438,0.0,0.0,348.10504150390625,148.54638671875,253.51744079589844,147.77261352539062,354.45257568359375,225.63816833496094,230.0735321044922,228.61822509765625,364.0033264160156,295.5802307128906,227.6201629638672,304.35540771484375,323.79901123046875,265.35736083984375,259.9185485839844,265.6474304199219,335.2414245605469,359.9559631347656,256.7825622558594,363.27685546875,327.8006591796875,414.3636474609375,263.33599853515625,420.832763671875
normal,293.6776428222656,101.26822662353516,296.18463134765625,94.63555908203125,289.14251708984375,91.1546630859375,0.0,0.0,262.4005126953125,84.6844482421875,272.0631408691406,139.0952606201172,229.61328125,118.32545471191406,272.318115234375,208.81454467773438,191.91357421875,177.82186889648438,300.6058349609375,265.8382873535156,199.29129028320312,245.3848114013672,261.230224609375,261.4147644042969,235.1702117919922,256.0496520996094,256.1456298828125,357.2841796875,248.60504150390625,351.1748046875,0.0,0.0,0.0,0.0
normal,293.6776428222656,101.26822662353516,296.18463134765625,94.63555908203125,289.14251708984375,91.1546630859375,0.0,0.0,262.4005126953125,84.6844482421875,272.0631408691406,139.0952606201172,229.61328125,118.32545471191406,272.318115234375,208.81454467773438,191.91357421875,177.82186889648438,300.6058349609375,265.8382873535156,199.29129028320312,245.3848114013672,261.230224609375,261.4147644042969,235.1702117919922,256.0496520996094,256.1456298828125,357.2841796875,248.60504150390625,351.1748046875,0.0,0.0,0.0,0.0
normal,240.14231872558594,74.69241333007812,0.0,0.0,238.33282470703125,65.16531372070312,0.0,0.0,213.92315673828125,58.41575622558594,0.0,0.0,183.51589965820312,90.42031860351562,0.0,0.0,158.44456481933594,162.333251953125,0.0,0.0,167.37098693847656,243.54299926757812,183.61074829101562,244.58375549316406,178.03416442871094,242.35830688476562,165.67494201660156,352.9319763183594,182.9211883544922,347.06610107421875,0.0,0.0,0.0,0.0
normal,254.20013427734375,82.36203002929688,0.0,0.0,254.79466247558594,72.37701416015625,0.0,0.0,235.8833465576172,61.163726806640625,204.5963897705078,101.85922241210938,205.5264892578125,89.74263000488281,0.0,0.0,194.53646850585938,159.0069580078125,210.14842224121094,243.0059051513672,232.98599243164062,241.38897705078125,193.98358154296875,240.7168426513672,188.02455139160156,238.14715576171875,210.38958740234375,362.009521484375,178.44915771484375,356.22564697265625,0.0,0.0,0.0,0.0
normal,0.0,0.0,0.0,0.0,0.0,0.0,0.0,0.0,277.56170654296875,77.29708099365234,231.78659057617188,117.01063537597656,266.17633056640625,111.60013580322266,235.17909240722656,197.15823364257812,272.9241943359375,189.36016845703125,0.0,0.0,289.096923828125,263.4276428222656,224.2758331298828,253.12997436523438,245.4969482421875,252.17337036132812,238.57374572753906,360.7033386230469,251.52145385742188,358.90338134765625,0.0,0.0,0.0,0.0
normal,0.0,0.0,0.0,0.0,0.0,0.0,0.0,0.0,278.9833068847656,83.52249145507812,224.34375,124.99505615234375,272.0277404785156,115.01980590820312,0.0,0.0,283.2093200683594,183.7828369140625,0.0,0.0,300.5103454589844,261.9789733886719,234.77471923828125,273.5105895996094,266.1649475097656,271.42498779296875,0.0,0.0,273.48553466796875,384.90838623046875,0.0,0.0,0.0,0.0
normal,0.0,0.0,0.0,0.0,0.0,0.0,0.0,0.0,374.403564453125,84.28999328613281,307.6412048339844,118.98741912841797,384.7703552246094,116.143310546875,281.405029296875,185.67303466796875,409.18084716796875,174.64352416992188,280.99444580078125,249.1081085205078,437.5531921386719,235.9700164794922,313.1578369140625,232.6004638671875,362.7950439453125,230.80426025390625,304.2134704589844,347.0167541503906,360.7015075683594,343.69677734375,0.0,0.0,344.7865295410156,430.05108642578125
normal,0.0,0.0,0.0,0.0,0.0,0.0,0.0,0.0,369.60894775390625,82.02035522460938,302.4524230957031,114.77458953857422,382.4971923828125,119.01101684570312,276.583740234375,179.6234130859375,409.2774658203125,185.2098388671875,255.34686279296875,243.25135803222656,414.6861572265625,241.47178649902344,306.3609619140625,228.44073486328125,359.5201416015625,229.25709533691406,291.50152587890625,342.38421630859375,357.4485168457031,342.17291259765625,292.6653747558594,434.2955322265625,352.0928649902344,432.6185607910156
normal,0.0,0.0,0.0,0.0,0.0,0.0,0.0,0.0,342.69659423828125,78.19509887695312,275.1300354003906,117.35306549072266,354.0258483886719,116.78489685058594,249.66400146484375,183.72149658203125,384.5592346191406,179.08279418945312,238.68089294433594,247.14511108398438,399.75445556640625,235.64166259765625,288.0389404296875,235.13742065429688,341.2783508300781,235.19007873535156,282.8069763183594,345.7646179199219,354.59979248046875,343.96307373046875,0.0,0.0,0.0,0.0
normal,0.0,0.0,0.0,0.0,0.0,0.0,300.3731994628906,78.3489990234375,341.5955505371094,79.76287841796875,275.50286865234375,116.22591400146484,356.42047119140625,119.87765502929688,252.28036499023438,180.71817016601562,382.0359802246094,185.891357421875,233.05125427246094,248.62196350097656,392.94476318359375,241.98110961914062,282.5372009277344,232.0707244873047,338.3783874511719,232.97227478027344,262.6388854980469,344.0487365722656,341.1716613769531,343.9578857421875,0.0,0.0,347.5218505859375,428.3528747558594
normal,0.0,0.0,0.0,0.0,0.0,0.0,0.0,0.0,334.3392639160156,73.64192199707031,269.0890197753906,115.31034088134766,347.60296630859375,117.7716293334961,248.84207153320312,182.0308380126953,382.1727294921875,183.10464477539062,237.22650146484375,247.244873046875,401.3868103027344,241.70068359375,277.7055358886719,234.18797302246094,331.7208557128906,235.459228515625,265.0572814941406,342.64886474609375,345.2638244628906,342.9149475097656,0.0,0.0,0.0,0.0
normal,0.0,0.0,0.0,0.0,0.0,0.0,275.1966552734375,85.77938842773438,317.2237548828125,85.7291259765625,249.04275512695312,121.8503189086914,330.2840881347656,119.92142486572266,223.67616271972656,182.5242156982422,363.1533508300781,176.8018798828125,237.13009643554688,235.08644104003906,398.0782165527344,233.27706909179688,257.96307373046875,248.82260131835938,313.2497253417969,247.88656616210938,249.0939483642578,356.36407470703125,327.8494873046875,352.5892028808594,0.0,0.0,0.0,0.0
normal,0.0,0.0,0.0,0.0,0.0,0.0,265.54559326171875,85.95445251464844,308.4001159667969,83.40652465820312,245.19940185546875,122.16685485839844,323.54052734375,114.30029296875,224.55032348632812,185.8608856201172,359.55938720703125,171.3917694091797,243.45919799804688,225.99867248535156,389.3393249511719,229.30665588378906,256.9385070800781,241.92803955078125,311.78985595703125,238.6974334716797,244.47381591796875,338.4122314453125,323.2098693847656,330.6085205078125,0.0,0.0,336.868408203125,412.41033935546875
normal,0.0,0.0,0.0,0.0,0.0,0.0,0.0,0.0,305.0343017578125,85.29042053222656,238.90655517578125,122.64405822753906,318.5638427734375,118.0445785522461,219.1088104248047,187.00804138183594,357.3409118652344,178.90907287597656,240.9415283203125,230.2340087890625,391.5529479980469,245.52830505371094,248.01791381835938,252.39198303222656,303.48553466796875,250.3770294189453,232.75961303710938,353.3934326171875,315.935791015625,346.64581298828125,0.0,0.0,327.7913818359375,419.6357116699219
normal,0.0,0.0,0.0,0.0,0.0,0.0,0.0,0.0,305.0343017578125,85.29042053222656,238.90655517578125,122.64405822753906,318.5638427734375,118.0445785522461,219.1088104248047,187.00804138183594,357.3409118652344,178.90907287597656,240.9415283203125,230.2340087890625,391.5529479980469,245.52830505371094,248.01791381835938,252.39198303222656,303.48553466796875,250.3770294189453,232.75961303710938,353.3934326171875,315.935791015625,346.64581298828125,0.0,0.0,327.7913818359375,419.6357116699219
normal,0.0,0.0,0.0,0.0,0.0,0.0,0.0,0.0,310.630859375,85.5628662109375,237.23977661132812,117.83551788330078,322.2215270996094,117.84224700927734,204.36456298828125,180.92185974121094,364.0189514160156,168.69467163085938,214.42404174804688,242.15850830078125,415.22906494140625,220.94415283203125,249.690673828125,246.4833984375,305.8672790527344,247.12120056152344,246.49349975585938,346.3765869140625,326.1058044433594,344.464599609375,0.0,0.0,331.8455505371094,427.508544921875
normal,0.0,0.0,0.0,0.0,0.0,0.0,0.0,0.0,321.7939453125,85.71769714355469,253.97366333007812,120.8231430053711,322.3742370605469,114.9614486694336,213.35150146484375,187.9416046142578,368.14447021484375,158.71728515625,194.5930938720703,257.08135986328125,435.6200866699219,190.78054809570312,268.4420471191406,242.46719360351562,312.92608642578125,241.55563354492188,267.71539306640625,342.247802734375,344.2527770996094,341.43701171875,0.0,0.0,0.0,0.0
normal,304.97991943359375,107.43779754638672,0.0,0.0,305.2224426269531,99.55625915527344,0.0,0.0,287.9091796875,95.599365234375,222.03366088867188,125.3992919921875,283.2707214355469,122.12447357177734,189.31942749023438,189.43385314941406,345.7475280761719,145.89486694335938,163.80575561523438,250.16159057617188,412.29779052734375,151.45257568359375,209.08251953125,249.96109008789062,246.4874725341797,250.99337768554688,207.070068359375,339.29608154296875,281.8251647949219,341.5695495605469,205.15676879882812,414.792724609375,296.31500244140625,412.23260498046875
normal,304.97991943359375,107.43779754638672,0.0,0.0,305.2224426269531,99.55625915527344,0.0,0.0,287.9091796875,95.599365234375,222.03366088867188,125.3992919921875,283.2707214355469,122.12447357177734,189.31942749023438,189.43385314941406,345.7475280761719,145.89486694335938,163.80575561523438,250.16159057617188,412.29779052734375,151.45257568359375,209.08251953125,249.96109008789062,246.4874725341797,250.99337768554688,207.070068359375,339.29608154296875,281.8251647949219,341.5695495605469,205.15676879882812,414.792724609375,296.31500244140625,412.23260498046875
normal,318.2544860839844,109.73333740234375,0.0,0.0,317.0870361328125,97.66647338867188,0.0,0.0,290.6932067871094,82.23655700683594,246.3916778564453,113.063720703125,263.7055969238281,119.60517883300781,0.0,0.0,271.2347106933594,208.53256225585938,0.0,0.0,340.1864929199219,237.63314819335938,227.5396728515625,243.37869262695312,239.0398712158203,248.523193359375,225.60459899902344,344.62261962890625,256.805419921875,350.37530517578125,0.0,0.0,242.94253540039062,420.44696044921875
normal,308.0674743652344,86.11868286132812,319.06597900390625,78.41160583496094,299.924560546875,76.63046264648438,330.2620849609375,88.87846374511719,284.8799743652344,84.95608520507812,338.9959716796875,140.22412109375,258.277587890625,138.8228759765625,372.96337890625,197.79501342773438,211.2678680419922,174.59942626953125,405.989501953125,255.32676696777344,153.7701416015625,156.67233276367188,310.8944396972656,267.2416076660156,255.5578155517578,266.214111328125,316.7577819824219,365.3997497558594,232.60397338867188,370.18841552734375,0.0,0.0,219.54019165039062,422.38177490234375
normal,295.944580078125,89.50543212890625,306.4993591308594,80.91650390625,287.6131286621094,79.68191528320312,318.4099426269531,89.34288024902344,273.1264343261719,86.33526611328125,328.1937255859375,141.26834106445312,247.12835693359375,140.00840759277344,362.61297607421875,200.48696899414062,196.6595001220703,171.48089599609375,404.9124450683594,255.13035583496094,145.4347381591797,138.33839416503906,303.3970947265625,267.6589050292969,247.85691833496094,268.15374755859375,315.75341796875,368.3137512207031,231.9296875,376.59844970703125,0.0,0.0,0.0,0.0
normal,295.944580078125,89.50543212890625,306.4993591308594,80.91650390625,287.6131286621094,79.68191528320312,318.4099426269531,89.34288024902344,273.1264343261719,86.33526611328125,328.1937255859375,141.26834106445312,247.12835693359375,140.00840759277344,362.61297607421875,200.48696899414062,196.6595001220703,171.48089599609375,404.9124450683594,255.13035583496094,145.4347381591797,138.33839416503906,303.3970947265625,267.6589050292969,247.85691833496094,268.15374755859375,315.75341796875,368.3137512207031,231.9296875,376.59844970703125,0.0,0.0,0.0,0.0
normal,277.28411865234375,90.82965850830078,286.01422119140625,83.04570007324219,268.4954833984375,82.03062438964844,295.39520263671875,91.94367218017578,250.9698486328125,89.11173248291016,310.0105895996094,146.24844360351562,221.06431579589844,139.52902221679688,357.74005126953125,189.802734375,167.31593322753906,146.157958984375,402.0499267578125,240.45181274414062,154.32022094726562,94.15898895263672,283.4606018066406,264.10504150390625,224.1837921142578,263.2273254394531,288.02484130859375,368.03790283203125,208.75137329101562,375.00177001953125,0.0,0.0,0.0,0.0
normal,322.818359375,100.07640838623047,0.0,0.0,316.6645202636719,90.529052734375,0.0,0.0,288.9508972167969,90.17291259765625,322.3233337402344,143.12425231933594,251.2003173828125,135.81243896484375,372.3591613769531,163.22125244140625,209.37826538085938,196.95741271972656,420.060791015625,126.70576477050781,182.45838928222656,253.4374237060547,312.2218322753906,270.110107421875,265.776123046875,268.1062927246094,316.3780822753906,372.2747497558594,257.2677001953125,364.57000732421875,0.0,0.0,0.0,0.0
normal,290.3393859863281,109.4955825805664,292.7988586425781,102.51691436767578,284.9420166015625,99.52838897705078,0.0,0.0,257.10137939453125,95.50686645507812,284.156494140625,150.55226135253906,204.71514892578125,138.4718017578125,342.51837158203125,176.76766967773438,167.9577178955078,179.04669189453125,410.50421142578125,180.04904174804688,209.13430786132812,191.5333251953125,255.81692504882812,273.8683776855469,204.58505249023438,273.6187438964844,265.7358093261719,370.95648193359375,203.985107421875,373.5496520996094,0.0,0.0,0.0,0.0
normal,290.3393859863281,109.4955825805664,292.7988586425781,102.51691436767578,284.9420166015625,99.52838897705078,0.0,0.0,257.10137939453125,95.50686645507812,284.156494140625,150.55226135253906,204.71514892578125,138.4718017578125,342.51837158203125,176.76766967773438,167.9577178955078,179.04669189453125,410.50421142578125,180.04904174804688,209.13430786132812,191.5333251953125,255.81692504882812,273.8683776855469,204.58505249023438,273.6187438964844,265.7358093261719,370.95648193359375,203.985107421875,373.5496520996094,0.0,0.0,0.0,0.0
suspicious
suspicious,447.195068359375,200.74989318847656,0.0,0.0,448.38555908203125,192.35708618164062,0.0,0.0,437.27392578125,172.74191284179688,403.9676513671875,180.0657501220703,407.915771484375,170.41676330566406,423.94866943359375,235.6383056640625,429.05328369140625,225.2610626220703,470.7569580078125,291.33660888671875,470.63726806640625,269.359130859375,323.2846374511719,245.1740264892578,322.6186828613281,238.8414764404297,322.57611083984375,342.9971008300781,331.3565368652344,337.6519775390625,309.0400085449219,416.9510192871094,315.5916748046875,410.9618225097656
suspicious,447.195068359375,200.74989318847656,0.0,0.0,448.38555908203125,192.35708618164062,0.0,0.0,437.27392578125,172.74191284179688,403.9676513671875,180.0657501220703,407.915771484375,170.41676330566406,423.94866943359375,235.6383056640625,429.05328369140625,225.2610626220703,470.7569580078125,291.33660888671875,470.63726806640625,269.359130859375,323.2846374511719,245.1740264892578,322.6186828613281,238.8414764404297,322.57611083984375,342.9971008300781,331.3565368652344,337.6519775390625,309.0400085449219,416.9510192871094,315.5916748046875,410.9618225097656
suspicious,448.4629821777344,202.34295654296875,0.0,0.0,449.8023986816406,194.34115600585938,0.0,0.0,439.478515625,175.60557556152344,403.36138916015625,182.05691528320312,411.3450012207031,172.94570922851562,420.7754211425781,235.93846130371094,430.30426025390625,225.77035522460938,462.39678955078125,291.483642578125,468.90594482421875,271.71209716796875,321.8851623535156,247.1331024169922,324.52947998046875,240.85801696777344,320.1719055175781,339.40252685546875,335.4979248046875,333.8497314453125,306.2762451171875,415.3989562988281,320.29052734375,409.97052001953125
suspicious,448.4629821777344,202.34295654296875,0.0,0.0,449.8023986816406,194.34115600585938,0.0,0.0,439.478515625,175.60557556152344,403.36138916015625,182.05691528320312,411.3450012207031,172.94570922851562,420.7754211425781,235.93846130371094,430.30426025390625,225.77035522460938,462.39678955078125,291.483642578125,468.90594482421875,271.71209716796875,321.8851623535156,247.1331024169922,324.52947998046875,240.85801696777344,320.1719055175781,339.40252685546875,335.4979248046875,333.8497314453125,306.2762451171875,415.3989562988281,320.29052734375,409.97052001953125
suspicious,405.800048828125,176.08595275878906,0.0,0.0,405.8960266113281,166.79586791992188,0.0,0.0,388.5293884277344,154.11965942382812,371.06695556640625,189.77879333496094,342.3747863769531,168.63568115234375,376.2323303222656,251.7905731201172,326.74029541015625,224.7873992919922,400.6421203613281,297.5366516113281,366.6518249511719,287.63592529296875,291.9378662109375,270.8737487792969,273.10382080078125,261.0286560058594,293.52874755859375,361.27398681640625,286.407958984375,351.4621276855469,0.0,0.0,0.0,0.0
suspicious,268.7106018066406,256.6458435058594,273.5187072753906,249.2005157470703,262.99237060546875,244.6252899169922,0.0,0.0,246.7381134033203,222.7557373046875,276.7947692871094,234.92605590820312,211.9840850830078,235.91403198242188,267.41192626953125,297.196533203125,215.19920349121094,313.6416320800781,262.89971923828125,347.6770935058594,258.4352722167969,359.1622009277344,210.576904296875,264.65911865234375,159.6213836669922,265.8104248046875,251.6337432861328,348.54107666015625,181.81199645996094,355.377685546875,0.0,0.0,163.0729217529297,419.60546875
suspicious,268.7106018066406,256.6458435058594,273.5187072753906,249.2005157470703,262.99237060546875,244.6252899169922,0.0,0.0,246.7381134033203,222.7557373046875,276.7947692871094,234.92605590820312,211.9840850830078,235.91403198242188,267.41192626953125,297.196533203125,215.19920349121094,313.6416320800781,262.89971923828125,347.6770935058594,258.4352722167969,359.1622009277344,210.576904296875,264.65911865234375,159.6213836669922,265.8104248046875,251.6337432861328,348.54107666015625,181.81199645996094,355.377685546875,0.0,0.0,163.0729217529297,419.60546875
suspicious,268.7106018066406,256.6458435058594,273.5187072753906,249.2005157470703,262.99237060546875,244.6252899169922,0.0,0.0,246.7381134033203,222.7557373046875,276.7947692871094,234.92605590820312,211.9840850830078,235.91403198242188,267.41192626953125,297.196533203125,215.19920349121094,313.6416320800781,262.89971923828125,347.6770935058594,258.4352722167969,359.1622009277344,210.576904296875,264.65911865234375,159.6213836669922,265.8104248046875,251.6337432861328,348.54107666015625,181.81199645996094,355.377685546875,0.0,0.0,163.0729217529297,419.60546875
suspicious,268.7106018066406,256.6458435058594,273.5187072753906,249.2005157470703,262.99237060546875,244.6252899169922,0.0,0.0,246.7381134033203,222.7557373046875,276.7947692871094,234.92605590820312,211.9840850830078,235.91403198242188,267.41192626953125,297.196533203125,215.19920349121094,313.6416320800781,262.89971923828125,347.6770935058594,258.4352722167969,359.1622009277344,210.576904296875,264.65911865234375,159.6213836669922,265.8104248046875,251.6337432861328,348.54107666015625,181.81199645996094,355.377685546875,0.0,0.0,163.0729217529297,419.60546875
suspicious,268.7106018066406,256.6458435058594,273.5187072753906,249.2005157470703,262.99237060546875,244.6252899169922,0.0,0.0,246.7381134033203,222.7557373046875,276.7947692871094,234.92605590820312,211.9840850830078,235.91403198242188,267.41192626953125,297.196533203125,215.19920349121094,313.6416320800781,262.89971923828125,347.6770935058594,258.4352722167969,359.1622009277344,210.576904296875,264.65911865234375,159.6213836669922,265.8104248046875,251.6337432861328,348.54107666015625,181.81199645996094,355.377685546875,0.0,0.0,163.0729217529297,419.60546875
suspicious,268.7106018066406,256.6458435058594,273.5187072753906,249.2005157470703,262.99237060546875,244.6252899169922,0.0,0.0,246.7381134033203,222.7557373046875,276.7947692871094,234.92605590820312,211.9840850830078,235.91403198242188,267.41192626953125,297.196533203125,215.19920349121094,313.6416320800781,262.89971923828125,347.6770935058594,258.4352722167969,359.1622009277344,210.576904296875,264.65911865234375,159.6213836669922,265.8104248046875,251.6337432861328,348.54107666015625,181.81199645996094,355.377685546875,0.0,0.0,163.0729217529297,419.60546875
suspicious,304.98431396484375,247.2084503173828,0.0,0.0,305.4033508300781,236.48101806640625,0.0,0.0,290.1829833984375,215.44265747070312,289.578369140625,239.6245880126953,230.22085571289062,218.66087341308594,270.8565368652344,305.0809631347656,173.00027465820312,277.49127197265625,263.95904541015625,370.22503662109375,160.51296997070312,341.9085388183594,185.99273681640625,279.19451904296875,144.85757446289062,268.612060546875,215.89553833007812,363.5183410644531,162.01986694335938,355.31103515625,0.0,0.0,0.0,0.0
suspicious,239.16554260253906,174.8932342529297,248.89236450195312,166.664306640625,231.3709716796875,161.90420532226562,0.0,0.0,214.1387481689453,150.44656372070312,269.11737060546875,192.85118103027344,185.10513305664062,180.19992065429688,278.7698669433594,267.6489562988281,165.3065948486328,256.55987548828125,294.2120666503906,336.8669128417969,165.46734619140625,332.45843505859375,228.4506378173828,276.14398193359375,168.23223876953125,270.36529541015625,245.8079071044922,363.6623840332031,151.33847045898438,359.2886962890625,245.19503784179688,423.9653015136719,0.0,0.0
suspicious,202.89190673828125,175.0622100830078,214.1982879638672,165.15252685546875,193.2269744873047,161.4890594482422,231.11483764648438,160.05401611328125,175.6359100341797,153.0054473876953,244.95362854003906,193.4945068359375,154.6902618408203,186.50411987304688,239.0933837890625,270.6119689941406,111.31523132324219,257.5254211425781,228.27484130859375,331.6802673339844,73.99470520019531,322.94525146484375,234.29757690429688,270.1611022949219,168.40017700195312,267.86865234375,261.68896484375,357.4076232910156,150.0340118408203,354.94024658203125,275.91168212890625,415.6279296875,145.02362060546875,414.04986572265625
suspicious,202.89190673828125,175.0622100830078,214.1982879638672,165.15252685546875,193.2269744873047,161.4890594482422,231.11483764648438,160.05401611328125,175.6359100341797,153.0054473876953,244.95362854003906,193.4945068359375,154.6902618408203,186.50411987304688,239.0933837890625,270.6119689941406,111.31523132324219,257.5254211425781,228.27484130859375,331.6802673339844,73.99470520019531,322.94525146484375,234.29757690429688,270.1611022949219,168.40017700195312,267.86865234375,261.68896484375,357.4076232910156,150.0340118408203,354.94024658203125,275.91168212890625,415.6279296875,145.02362060546875,414.04986572265625
suspicious,300.7916259765625,190.63027954101562,302.6076354980469,181.28704833984375,293.24737548828125,181.46087646484375,0.0,0.0,262.42926025390625,175.66156005859375,292.0306091308594,212.64950561523438,212.00537109375,202.76141357421875,296.66204833984375,267.0126037597656,174.3240203857422,262.35015869140625,331.9332275390625,279.5314025878906,211.55728149414062,303.5622863769531,256.35955810546875,298.6968688964844,191.45562744140625,298.52789306640625,303.1453857421875,366.8463134765625,154.78555297851562,372.3055419921875,0.0,0.0,0.0,0.0
suspicious,257.95001220703125,192.75596618652344,269.0159912109375,184.43016052246094,251.10748291015625,179.41200256347656,0.0,0.0,231.77740478515625,168.1902313232422,287.1161804199219,208.1076202392578,200.54843139648438,203.88958740234375,282.4906921386719,278.8888854980469,188.81817626953125,286.9261169433594,266.0195007324219,336.4994201660156,192.37152099609375,355.5135498046875,272.3816833496094,297.8125,206.18666076660156,298.28961181640625,310.21435546875,367.2362060546875,192.06346130371094,368.53082275390625,0.0,0.0,0.0,0.0
suspicious,254.82899475097656,193.6936798095703,266.6920166015625,187.1705322265625,248.7796173095703,180.40000915527344,282.9681701660156,186.3282470703125,232.59152221679688,171.04617309570312,291.5125732421875,215.4589080810547,200.86013793945312,202.42840576171875,277.2347412109375,291.3954162597656,184.2158966064453,282.8121643066406,250.18441772460938,341.94915771484375,197.46859741210938,349.51141357421875,263.5618591308594,302.7129211425781,188.61634826660156,296.9576110839844,308.40435791015625,373.04571533203125,150.6312255859375,365.5672912597656,0.0,0.0,0.0,0.0
suspicious,263.7469177246094,195.31838989257812,268.6102600097656,187.5009765625,257.69024658203125,185.8173370361328,0.0,0.0,239.52574157714844,176.2970428466797,286.3841552734375,206.77978515625,208.72857666015625,202.49114990234375,301.9064636230469,282.0942077636719,199.9818115234375,246.54428100585938,313.7642822265625,346.1863708496094,231.1387939453125,209.20506286621094,270.86126708984375,311.0065612792969,205.10267639160156,312.3216857910156,305.93145751953125,379.5283203125,156.48727416992188,390.962158203125,0.0,0.0,0.0,0.0
suspicious,252.45143127441406,195.6910400390625,256.2561340332031,185.89852905273438,245.35830688476562,186.0287322998047,0.0,0.0,222.139892578125,179.39295959472656,273.0489807128906,203.3506622314453,189.03323364257812,209.6099395751953,306.1701354980469,272.3310241699219,184.61830139160156,270.9010009765625,344.758056640625,327.3454895019531,218.3169403076172,210.63677978515625,266.27593994140625,309.36700439453125,196.46502685546875,315.2565612792969,311.6024475097656,364.8981628417969,151.5855712890625,383.4769287109375,0.0,0.0,0.0,0.0
suspicious,233.8146209716797,198.95645141601562,237.26515197753906,188.766357421875,226.7862091064453,189.68045043945312,0.0,0.0,199.15602111816406,180.212158203125,244.90115356445312,195.13136291503906,158.06175231933594,206.99427795410156,301.3356018066406,238.0060272216797,155.71212768554688,258.6274719238281,357.44903564453125,275.9656982421875,200.1189727783203,207.56744384765625,229.8716278076172,309.8681640625,158.69818115234375,318.79949951171875,279.1261291503906,357.50506591796875,119.9155044555664,378.2229309082031,0.0,0.0,0.0,0.0
suspicious,308.7545166015625,191.65829467773438,0.0,0.0,309.809814453125,183.9892120361328,0.0,0.0,293.6777648925781,180.43565368652344,291.22882080078125,212.49290466308594,238.24937438964844,204.99208068847656,345.5084228515625,244.22232055664062,251.2318115234375,242.2672882080078,417.1793212890625,264.8889465332031,312.8471984863281,223.7141876220703,229.7181396484375,319.1771240234375,179.5369415283203,318.32147216796875,309.92999267578125,375.1888732910156,168.2926788330078,381.89459228515625,0.0,0.0,0.0,0.0
suspicious,392.7374267578125,217.302734375,0.0,0.0,393.3690185546875,209.7275390625,0.0,0.0,378.6814880371094,191.88934326171875,344.5792541503906,190.04965209960938,346.8465270996094,198.33963012695312,352.4162902832031,225.92315673828125,378.81024169921875,247.07891845703125,392.1263427734375,245.62278747558594,416.60662841796875,253.78318786621094,266.70086669921875,276.0046081542969,251.59835815429688,277.4543762207031,326.2129821777344,357.7936096191406,237.5047607421875,364.0640869140625,332.92620849609375,405.6852722167969,182.20321655273438,408.5850830078125
suspicious,380.81561279296875,202.26608276367188,0.0,0.0,382.2616882324219,195.00428771972656,0.0,0.0,371.3930969238281,180.8801727294922,335.7764587402344,192.39382934570312,338.3198547363281,189.10458374023438,350.28582763671875,261.0333557128906,369.9844970703125,229.56130981445312,387.080810546875,305.6682434082031,408.3090515136719,198.55422973632812,248.42962646484375,280.6503601074219,245.20668029785156,278.19586181640625,289.5260314941406,366.6734619140625,273.7082824707031,373.29302978515625,0.0,0.0,0.0,0.0
suspicious,369.3277282714844,200.7140655517578,0.0,0.0,369.2414245605469,191.57150268554688,0.0,0.0,350.41009521484375,174.56393432617188,320.3314208984375,194.845703125,313.3296203613281,184.65896606445312,338.53448486328125,266.01226806640625,352.69677734375,226.51564025878906,381.73004150390625,315.3139343261719,397.81512451171875,214.4058837890625,229.83612060546875,287.79949951171875,218.01226806640625,282.8516540527344,274.4697265625,387.2099609375,244.5711669921875,389.31512451171875,0.0,0.0,0.0,0.0
suspicious,361.5417175292969,199.9006805419922,0.0,0.0,362.8130798339844,188.91041564941406,0.0,0.0,344.12249755859375,170.6239013671875,316.6949768066406,202.37457275390625,302.79083251953125,178.17742919921875,321.9727783203125,268.5042724609375,342.33392333984375,205.59066772460938,365.65069580078125,296.9225769042969,401.22454833984375,189.1612091064453,228.0310516357422,289.88226318359375,211.94937133789062,279.70220947265625,264.5867919921875,392.0732421875,237.31956481933594,386.68798828125,0.0,0.0,0.0,0.0
suspicious,309.35107421875,216.01104736328125,0.0,0.0,312.7480773925781,208.09397888183594,0.0,0.0,304.1484680175781,187.311279296875,249.39883422851562,186.72998046875,257.6302185058594,187.58621215820312,272.6347961425781,237.44036865234375,268.3763427734375,248.14459228515625,349.9826354980469,271.89422607421875,340.0872802734375,287.4520263671875,136.3785400390625,243.11349487304688,135.78045654296875,244.00390625,215.86798095703125,330.1054992675781,193.85809326171875,336.5400085449219,198.7362823486328,410.563232421875,151.57388305664062,423.339599609375
suspicious,309.83282470703125,217.25961303710938,0.0,0.0,314.00067138671875,209.63613891601562,0.0,0.0,307.23016357421875,186.97674560546875,248.67959594726562,178.23641967773438,267.28973388671875,183.46278381347656,258.0831298828125,229.8955078125,300.96234130859375,242.89125061035156,311.109375,267.6939392089844,373.7489929199219,277.8284606933594,134.4395294189453,260.3774719238281,144.14144897460938,259.9231262207031,179.3640594482422,356.37042236328125,197.36219787597656,359.24957275390625,0.0,0.0,174.4980010986328,421.0255126953125
suspicious,0.0,0.0,0.0,0.0,0.0,0.0,0.0,0.0,0.0,0.0,247.5567169189453,180.40562438964844,327.48553466796875,188.31431579589844,198.42416381835938,243.838134765625,377.07464599609375,250.10009765625,163.17706298828125,277.76806640625,417.2342834472656,297.55426025390625,159.73318481445312,244.16976928710938,212.52890014648438,242.50851440429688,174.9210205078125,349.59271240234375,272.77166748046875,346.3511047363281,158.16598510742188,410.0484619140625,282.85699462890625,412.89935302734375
suspicious,0.0,0.0,0.0,0.0,0.0,0.0,0.0,0.0,0.0,0.0,252.4932098388672,182.06402587890625,334.28802490234375,188.514404296875,192.30133056640625,244.69329833984375,384.241943359375,252.7812957763672,145.32077026367188,270.6341247558594,413.6834716796875,300.293212890625,166.79931640625,239.74105834960938,218.33212280273438,237.0484619140625,181.63214111328125,348.4329833984375,265.1743469238281,343.888427734375,0.0,0.0,273.56390380859375,406.8481750488281
suspicious,0.0,0.0,0.0,0.0,0.0,0.0,0.0,0.0,0.0,0.0,248.79196166992188,184.47232055664062,335.7862548828125,188.9842529296875,190.689208984375,253.82144165039062,390.60467529296875,252.93472290039062,152.5009002685547,279.8818054199219,427.96221923828125,298.2659912109375,161.90817260742188,244.11883544921875,216.09686279296875,241.0255889892578,184.69985961914062,352.5418701171875,266.9933776855469,347.62713623046875,0.0,0.0,278.01055908203125,411.3850402832031
suspicious,0.0,0.0,0.0,0.0,0.0,0.0,0.0,0.0,0.0,0.0,259.48431396484375,184.39373779296875,334.14215087890625,191.86312866210938,0.0,0.0,387.0126953125,253.9955596923828,180.0917510986328,285.27215576171875,428.3399658203125,299.6232604980469,163.80889892578125,243.2926483154297,211.16134643554688,241.00421142578125,177.81573486328125,352.468017578125,260.1665344238281,350.78399658203125,0.0,0.0,267.84478759765625,414.24737548828125
suspicious,0.0,0.0,0.0,0.0,0.0,0.0,0.0,0.0,0.0,0.0,270.3556823730469,190.69586181640625,336.6937255859375,196.15988159179688,237.1220703125,263.2523498535156,388.61962890625,261.0395202636719,236.57131958007812,304.21990966796875,421.649169921875,302.3153991699219,173.65467834472656,241.58657836914062,215.49705505371094,238.60755920410156,187.58505249023438,351.81982421875,252.52012634277344,351.4610290527344,0.0,0.0,254.7433624267578,406.80816650390625
suspicious,0.0,0.0,0.0,0.0,0.0,0.0,0.0,0.0,351.57806396484375,188.06466674804688,275.13824462890625,194.979248046875,334.0825500488281,197.61874389648438,0.0,0.0,393.4375305175781,267.6936950683594,0.0,0.0,440.01080322265625,296.9787902832031,179.12925720214844,252.6184844970703,217.01806640625,249.41180419921875,191.6154022216797,357.89892578125,243.76596069335938,360.0100402832031,0.0,0.0,0.0,0.0
suspicious,238.194580078125,169.60751342773438,245.05697631835938,158.60470581054688,228.24618530273438,159.89675903320312,0.0,0.0,208.85946655273438,153.7147216796875,270.1041564941406,179.74505615234375,182.38174438476562,186.18304443359375,321.3330078125,227.30096435546875,143.97360229492188,236.1378631591797,366.64093017578125,273.2365417480469,164.9501953125,221.49981689453125,263.14825439453125,283.7859802246094,202.1144256591797,290.07952880859375,284.77447509765625,363.20721435546875,185.44920349121094,376.8018798828125,0.0,0.0,0.0,0.0
suspicious,314.92486572265625,205.822021484375,0.0,0.0,309.7390441894531,198.4900360107422,0.0,0.0,281.41632080078125,196.2254180908203,294.8233337402344,230.5530548095703,235.07785034179688,224.57794189453125,327.5672912597656,273.3589172363281,274.69964599609375,284.63702392578125,357.1220397949219,245.1111297607422,337.23876953125,308.66339111328125,246.68345642089844,327.46441650390625,198.93502807617188,328.40374755859375,311.9004211425781,366.0450134277344,229.50967407226562,369.7892761230469,312.4776611328125,414.407470703125,0.0,0.0
suspicious,314.92486572265625,205.822021484375,0.0,0.0,309.7390441894531,198.4900360107422,0.0,0.0,281.41632080078125,196.2254180908203,294.8233337402344,230.5530548095703,235.07785034179688,224.57794189453125,327.5672912597656,273.3589172363281,274.69964599609375,284.63702392578125,357.1220397949219,245.1111297607422,337.23876953125,308.66339111328125,246.68345642089844,327.46441650390625,198.93502807617188,328.40374755859375,311.9004211425781,366.0450134277344,229.50967407226562,369.7892761230469,312.4776611328125,414.407470703125,0.0,0.0
suspicious,314.92486572265625,205.822021484375,0.0,0.0,309.7390441894531,198.4900360107422,0.0,0.0,281.41632080078125,196.2254180908203,294.8233337402344,230.5530548095703,235.07785034179688,224.57794189453125,327.5672912597656,273.3589172363281,274.69964599609375,284.63702392578125,357.1220397949219,245.1111297607422,337.23876953125,308.66339111328125,246.68345642089844,327.46441650390625,198.93502807617188,328.40374755859375,311.9004211425781,366.0450134277344,229.50967407226562,369.7892761230469,312.4776611328125,414.407470703125,0.0,0.0
suspicious,352.6994934082031,198.5970001220703,0.0,0.0,350.85198974609375,190.00091552734375,0.0,0.0,324.76690673828125,181.47940063476562,324.8420104980469,216.44546508789062,272.56036376953125,204.5413818359375,345.01153564453125,271.53387451171875,293.743408203125,281.59521484375,374.677001953125,242.66262817382812,337.259765625,326.5013732910156,267.9913330078125,305.0035095214844,222.79867553710938,302.1274719238281,323.8273620605469,369.8023681640625,226.25982666015625,368.0697021484375,0.0,0.0,0.0,0.0
suspicious,352.89251708984375,200.42098999023438,0.0,0.0,351.70147705078125,191.20347595214844,0.0,0.0,326.13836669921875,181.81399536132812,324.02301025390625,216.15576171875,272.5212097167969,208.55276489257812,345.103515625,272.5717468261719,302.09710693359375,294.59600830078125,376.9429931640625,240.63339233398438,349.9987487792969,337.4700622558594,268.067138671875,307.1854248046875,223.32489013671875,306.01580810546875,322.36358642578125,372.8345947265625,228.02532958984375,372.4971008300781,0.0,0.0,0.0,0.0
suspicious,413.0840759277344,210.00584411621094,0.0,0.0,413.0658874511719,201.41355895996094,0.0,0.0,397.44683837890625,184.90725708007812,368.208740234375,195.21002197265625,366.7967224121094,189.75697326660156,383.96337890625,250.51922607421875,417.4729919433594,244.09637451171875,454.349609375,277.4588317871094,480.5423583984375,268.3987121582031,273.34674072265625,270.8050537109375,260.92095947265625,265.30340576171875,301.341552734375,359.4739990234375,248.36880493164062,358.8221130371094,288.1467590332031,417.912109375,203.98211669921875,422.62164306640625
suspicious,433.20233154296875,214.306884765625,0.0,0.0,434.0522155761719,206.42710876464844,0.0,0.0,423.4534912109375,187.53123474121094,391.0191345214844,191.3912353515625,392.70123291015625,185.79034423828125,412.011962890625,244.0618438720703,425.5936279296875,244.80996704101562,469.0147705078125,283.69244384765625,481.1112976074219,285.642578125,287.8456726074219,257.16217041015625,280.63934326171875,250.64178466796875,303.04595947265625,354.637451171875,273.3626403808594,350.8033142089844,292.2950134277344,426.97796630859375,233.2110595703125,425.2303466796875
