class,x1,y1,z1,v1,x2,y2,z2,v2,x3,y3,z3,v3,x4,y4,z4,v4,x5,y5,z5,v5,x6,y6,z6,v6,x7,y7,z7,v7,x8,y8,z8,v8,x9,y9,z9,v9,x10,y10,z10,v10,x11,y11,z11,v11,x12,y12,z12,v12,x13,y13,z13,v13,x14,y14,z14,v14,x15,y15,z15,v15,x16,y16,z16,v16,x17,y17,z17,v17,x18,y18,z18,v18,x19,y19,z19,v19,x20,y20,z20,v20,x21,y21,z21,v21,x22,y22,z22,v22,x23,y23,z23,v23,x24,y24,z24,v24,x25,y25,z25,v25,x26,y26,z26,v26,x27,y27,z27,v27,x28,y28,z28,v28,x29,y29,z29,v29,x30,y30,z30,v30,x31,y31,z31,v31,x32,y32,z32,v32,x33,y33,z33,v33,x34,y34,z34,v34,x35,y35,z35,v35,x36,y36,z36,v36,x37,y37,z37,v37,x38,y38,z38,v38,x39,y39,z39,v39,x40,y40,z40,v40,x41,y41,z41,v41,x42,y42,z42,v42,x43,y43,z43,v43,x44,y44,z44,v44,x45,y45,z45,v45
Celinguk,0.7989763617515564,0.7493935823440552,-2.02585768699646,0.9929486513137817,0.8169793486595154,0.67171311378479,-1.9661661386489868,0.988409161567688,0.7344350218772888,0.6718817353248596,-2.068073272705078,0.9931552410125732,0.7989575862884521,0.7489591240882874,-1.9475921392440796,0.9927799701690674,0.8186641335487366,0.6713824272155762,-1.8915601968765259,0.9879538416862488,0.7351338267326355,0.67143315076828,-1.9855672121047974,0.9930264353752136,0.7988331913948059,0.7487486600875854,-1.9576016664505005,0.992759644985199,0.8185577392578125,0.6712789535522461,-1.9038254022598267,0.9877446293830872,0.7343988418579102,0.6712348461151123,-2.0020413398742676,0.9930423498153687,0.7636170387268066,0.7489027380943298,-1.9286130666732788,0.9931735992431641,0.8027357459068298,0.6721224188804626,-1.866070032119751,0.9885042905807495,0.6993311643600464,0.6709761619567871,-1.932212233543396,0.9934296011924744,0.7451480031013489,0.7487850189208984,-1.9248199462890625,0.9935279488563538,0.7913607358932495,0.6722227334976196,-1.860098123550415,0.9891652464866638,0.6810905933380127,0.670832633972168,-1.9180868864059448,0.9937571883201599,0.6230515837669373,0.74485844373703,-2.049983024597168,0.9941133260726929,0.6913694739341736,0.6703875660896301,-1.9870837926864624,0.9901803135871887,0.565089225769043,0.6651668548583984,-1.9751403331756592,0.9943053126335144,0.604096531867981,0.7442337274551392,-2.051091194152832,0.9946472644805908,0.6710099577903748,0.6698964834213257,-1.9922404289245605,0.9911009669303894,0.5457048416137695,0.6627213358879089,-1.9777778387069702,0.9948025941848755,0.6000049710273743,0.7442067861557007,-1.9749581813812256,0.9951257705688477,0.6660951375961304,0.669812798500061,-1.9193589687347412,0.9919183254241943,0.5417655110359192,0.6620216965675354,-1.8971315622329712,0.9952439665794373,0.504059910774231,0.7209911346435547,-1.8110328912734985,0.9955547451972961,0.5915830731391907,0.6482042074203491,-1.7675199508666992,0.9926577210426331,0.46771112084388733,0.6429840326309204,-1.73185396194458,0.9956239461898804,0.4908601939678192,0.7093353271484375,-1.6259626150131226,0.9959333539009094,0.577561616897583,0.6396883130073547,-1.5753668546676636,0.9933035969734192,0.45511457324028015,0.6335942149162292,-1.5431663990020752,0.9959428906440735,0.4875175952911377,0.7093074917793274,-1.7153477668762207,0.9962657690048218,0.5753211379051208,0.6406533718109131,-1.664427399635315,0.9938940405845642,0.45020389556884766,0.6335943341255188,-1.6365073919296265,0.9962239861488342,0.479925274848938,0.7110874652862549,-1.6154006719589233,0.9965295791625977,0.5692798495292664,0.6414697170257568,-1.5704867839813232,0.9943878054618835,0.44386160373687744,0.6346269249916077,-1.5363171100616455,0.9964059591293335,0.38141757249832153,0.7093439698219299,-1.707194209098816,0.9966524243354797,0.46670204401016235,0.6391944289207458,-1.5955461263656616,0.994785487651825,0.3663488030433655,0.6288992762565613,-1.6466952562332153,0.9964523911476135,0.35777392983436584,0.7099214792251587,-1.7468153238296509,0.9967474937438965,0.44409945607185364,0.6397727727890015,-1.8057546615600586,0.9950963854789734,0.34571781754493713,0.6286406517028809,-1.7073345184326172,0.9964867234230042,0.3554832339286804,0.7123815417289734,-1.7847100496292114,0.9969343543052673,0.44473347067832947,0.6408020853996277,-1.8643064498901367,0.9954793453216553,0.34340977668762207,0.6288232803344727,-1.7546941041946411,0.9966497421264648
Celinguk,0.6307634115219116,0.7159386873245239,-1.670721173286438,0.9983920454978943,0.6992763876914978,0.6417626142501831,-1.6303989887237549,0.9980394244194031,0.5631517767906189,0.6421142816543579,-1.6248689889907837,0.9976657032966614,0.5565919280052185,0.7160180807113647,-1.8058645725250244,0.9984452724456787,0.6452290415763855,0.6441795229911804,-1.8032994270324707,0.9981116652488708,0.5117690563201904,0.6419765949249268,-1.7102820873260498,0.9977367520332336,0.5387672185897827,0.7160723805427551,-1.8585423231124878,0.9984935522079468,0.627379834651947,0.6458381414413452,-1.8548210859298706,0.9981777667999268,0.4969063401222229,0.6419073939323425,-1.756901741027832,0.9978011250495911,0.46542075276374817,0.7161498069763184,-1.759308099746704,0.9983823895454407,0.5502509474754333,0.6474586725234985,-1.7890151739120483,0.9980895519256592,0.44484516978263855,0.6418378353118896,-1.7005122900009155,0.997624933719635,0.45275846123695374,0.7151005864143372,-1.6921286582946777,0.9983899593353271,0.5352486968040466,0.6474630236625671,-1.7222058773040771,0.9981297254562378,0.433175265789032,0.6401296854019165,-1.6412229537963867,0.9976329207420349,0.4500878155231476,0.7145798802375793,-1.674111008644104,0.9983619451522827,0.5314139127731323,0.6475591659545898,-1.7000365257263184,0.9981251358985901,0.43034496903419495,0.639279842376709,-1.6250524520874023,0.9975967407226562,0.40537211298942566,0.7155466079711914,-1.7191795110702515,0.9982657432556152,0.48056766390800476,0.6497630476951599,-1.7473241090774536,0.9980601668357849,0.3926493525505066,0.6397855281829834,-1.6652833223342896,0.9974809288978577,0.4007094204425812,0.7163755893707275,-1.7379310131072998,0.9981803894042969,0.47410497069358826,0.6530992388725281,-1.7760841846466064,0.9979823231697083,0.38763177394866943,0.6405432224273682,-1.6706757545471191,0.9973783493041992,0.4002472162246704,0.7172370553016663,-1.6970587968826294,0.9980294704437256,0.4738970398902893,0.654772162437439,-1.7311023473739624,0.9978476166725159,0.38430994749069214,0.6412853598594666,-1.6512908935546875,0.9971814155578613,0.3985578119754791,0.7175549268722534,-1.7027504444122314,0.9978371858596802,0.473109632730484,0.6557527184486389,-1.7326228618621826,0.9976487755775452,0.3821740448474884,0.6416566371917725,-1.6606152057647705,0.9969162940979004,0.39063405990600586,0.7203620672225952,-1.6231838464736938,0.9976983070373535,0.46028682589530945,0.6576969623565674,-1.638933539390564,0.9974559545516968,0.37092211842536926,0.6426794528961182,-1.572541356086731,0.9966887831687927,0.38865894079208374,0.7213199734687805,-1.6115200519561768,0.9976828098297119,0.45889291167259216,0.6579895615577698,-1.6270111799240112,0.9974231123924255,0.3680085837841034,0.6427634358406067,-1.5617505311965942,0.9966548085212708,0.39076104760169983,0.7221710085868835,-1.6434427499771118,0.9977486729621887,0.46186402440071106,0.6581619381904602,-1.6595765352249146,0.9975079298019409,0.36887070536613464,0.6430310010910034,-1.5959148406982422,0.9967541694641113,0.3982318341732025,0.7251439690589905,-1.7145100831985474,0.997861385345459,0.46668899059295654,0.657470703125,-1.7226967811584473,0.9976118803024292,0.37326598167419434,0.6464619040489197,-1.6706793308258057,0.9968892335891724,0.4028632640838623,0.7267048358917236,-1.7239948511123657,0.9979694485664368,0.4696739912033081,0.6565701961517334,-1.730081558227539,0.9977133870124817,0.37561824917793274,0.6484162211418152,-1.680366039276123,0.9970223307609558
Celinguk,0.6459623575210571,0.6814240217208862,-1.6849194765090942,0.9991638660430908,0.6808111071586609,0.6128775477409363,-1.6171214580535889,0.9989405870437622,0.5696806907653809,0.613892674446106,-1.6355924606323242,0.998577356338501,0.6544322967529297,0.682051420211792,-1.6514722108840942,0.9991662502288818,0.6880050301551819,0.6124201416969299,-1.5841675996780396,0.9989306330680847,0.5783843398094177,0.6144496202468872,-1.5991411209106445,0.9985554218292236,0.6548846364021301,0.6821644902229309,-1.638808250427246,0.9991672039031982,0.689445972442627,0.611701488494873,-1.5712302923202515,0.9989292621612549,0.5793816447257996,0.6145558953285217,-1.5849419832229614,0.9985410571098328,0.7082810401916504,0.6822359561920166,-1.715094804763794,0.9988300204277039,0.7343065738677979,0.6113764643669128,-1.6376755237579346,0.9984047412872314,0.6311968564987183,0.6143316030502319,-1.6777822971343994,0.9980668425559998,0.7218618988990784,0.6827438473701477,-1.780846357345581,0.9983149766921997,0.7462780475616455,0.6113596558570862,-1.702699065208435,0.997660756111145,0.645420491695404,0.6142985820770264,-1.7531955242156982,0.9973967671394348,0.7263625860214233,0.6831250786781311,-1.82260000705719,0.9977811574935913,0.7499181032180786,0.6113330125808716,-1.74346125125885,0.996904194355011,0.6497376561164856,0.6142681837081909,-1.7971906661987305,0.9967221021652222,0.7559973001480103,0.6831825971603394,-1.8882874250411987,0.9975403547286987,0.7741755843162537,0.6113446950912476,-1.8003478050231934,0.996505856513977,0.6831315755844116,0.6138930320739746,-1.8602601289749146,0.996433436870575,0.7618588209152222,0.6833022236824036,-1.9029980897903442,0.9973932504653931,0.7798107266426086,0.6114381551742554,-1.815887451171875,0.9962407350540161,0.689987063407898,0.6137929558753967,-1.8756794929504395,0.9962853789329529,0.762381911277771,0.6835484504699707,-1.9097241163253784,0.9972934722900391,0.7807372212409973,0.6116481423377991,-1.8221386671066284,0.9960588216781616,0.6910043358802795,0.6137709021568298,-1.8800005912780762,0.9962106943130493,0.7806786894798279,0.6845061779022217,-1.8880819082260132,0.9972083568572998,0.8012760877609253,0.6131379008293152,-1.808775544166565,0.9957811832427979,0.7135611176490784,0.6140314936637878,-1.8734402656555176,0.9961804151535034,0.788425087928772,0.6857313513755798,-1.8659203052520752,0.9971664547920227,0.808836817741394,0.6152152419090271,-1.786008358001709,0.995627224445343,0.7225630283355713,0.6147531867027283,-1.8517038822174072,0.9962360858917236,0.7890954613685608,0.686362624168396,-1.8807125091552734,0.9969109892845154,0.8090283274650574,0.6163396239280701,-1.800502896308899,0.9951373338699341,0.7220627665519714,0.6151265501976013,-1.870771050453186,0.9960407614707947,0.7865756750106812,0.6884962320327759,-1.8558458089828491,0.9968051910400391,0.8093708753585815,0.6179965734481812,-1.7664709091186523,0.9948757290840149,0.7184507846832275,0.6153724789619446,-1.8601202964782715,0.9959652423858643,0.7853926420211792,0.6908871531486511,-1.849441409111023,0.9966267347335815,0.8092911839485168,0.620161235332489,-1.757300615310669,0.9945230484008789,0.7168050408363342,0.6158164143562317,-1.8481742143630981,0.9958149790763855,0.7843313217163086,0.6924411654472351,-1.8456006050109863,0.9963977336883545,0.8088765144348145,0.6216019988059998,-1.753376841545105,0.9940953254699707,0.7153210043907166,0.616098940372467,-1.8380725383758545,0.9955960512161255
Celinguk,0.7415907979011536,0.6881884336471558,-1.7778555154800415,0.9991977214813232,0.7581108212471008,0.6125920414924622,-1.706960678100586,0.9987589716911316,0.6698278784751892,0.6211013793945312,-1.7583624124526978,0.9986900091171265,0.7466861605644226,0.6899716258049011,-1.7981163263320923,0.9990296363830566,0.7644453644752502,0.6131049394607544,-1.728798270225525,0.9984664916992188,0.6748669147491455,0.6217494010925293,-1.7807414531707764,0.9984604120254517,0.7611945271492004,0.689857006072998,-1.7325984239578247,0.9988319277763367,0.7766746282577515,0.6131203770637512,-1.6629873514175415,0.9981117844581604,0.6931089162826538,0.6212457418441772,-1.7137432098388672,0.9982171654701233,0.7630245089530945,0.6897245645523071,-1.7549457550048828,0.9986210465431213,0.7789280414581299,0.6131364703178406,-1.6843557357788086,0.9977374076843262,0.6956155896186829,0.620731770992279,-1.737646222114563,0.99795001745224,0.7604925632476807,0.6901736259460449,-1.8057047128677368,0.998550534248352,0.7807368636131287,0.614236056804657,-1.7320491075515747,0.997614324092865,0.6938720345497131,0.6207910180091858,-1.7876232862472534,0.9978717565536499,0.7601085901260376,0.6905691623687744,-1.810622215270996,0.9984904527664185,0.7815816402435303,0.6151884198188782,-1.738241195678711,0.9975013732910156,0.6939730048179626,0.6208918690681458,-1.7946325540542603,0.9978024363517761,0.7508866786956787,0.6949737668037415,-1.710701823234558,0.9986037015914917,0.7756321430206299,0.6197391748428345,-1.629958152770996,0.9976846575737,0.6861653923988342,0.6224314570426941,-1.6734577417373657,0.9979591369628906,0.7453697323799133,0.6974223852157593,-1.6940959692001343,0.9987030625343323,0.772730827331543,0.6224168539047241,-1.6124441623687744,0.9978449940681458,0.6807575821876526,0.6235963702201843,-1.6539900302886963,0.9980962872505188,0.6898704171180725,0.6971330642700195,-1.5225796699523926,0.9988225102424622,0.7475968599319458,0.6225815415382385,-1.445383071899414,0.9980453848838806,0.6270939707756042,0.6227723360061646,-1.4568005800247192,0.9982686042785645,0.6727118492126465,0.696362316608429,-1.5230830907821655,0.9989277720451355,0.7362231612205505,0.622572660446167,-1.4475200176239014,0.9982238411903381,0.6109032034873962,0.6222131848335266,-1.4564790725708008,0.9984204769134521,0.625318169593811,0.6956714391708374,-1.5137320756912231,0.9990113973617554,0.6970440745353699,0.6226950883865356,-1.444831132888794,0.9983617663383484,0.573621392250061,0.6209416389465332,-1.4483083486557007,0.9985415935516357,0.614346444606781,0.6951277256011963,-1.5202679634094238,0.9990845322608948,0.6851681470870972,0.6227886080741882,-1.4528030157089233,0.998482346534729,0.5639119744300842,0.6200133562088013,-1.455820083618164,0.9986475706100464,0.5594742894172668,0.6940325498580933,-1.4395452737808228,0.9990993738174438,0.6462948322296143,0.6228373050689697,-1.4080086946487427,0.9985113143920898,0.5262678861618042,0.6185520887374878,-1.3657819032669067,0.9986599087715149,0.5504738688468933,0.6929848790168762,-1.4106392860412598,0.9991229176521301,0.6377330422401428,0.6228347420692444,-1.3822931051254272,0.9985536336898804,0.518375039100647,0.6174376606941223,-1.3365553617477417,0.9986881017684937,0.5210193395614624,0.6883971095085144,-1.4140918254852295,0.9991326928138733,0.6155908107757568,0.6215071082115173,-1.3890511989593506,0.9985912442207336,0.5009234547615051,0.6132414937019348,-1.3375493288040161,0.9987095594406128
Celinguk,0.5060213208198547,0.6644790172576904,-1.3993617296218872,0.9996529221534729,0.5847007036209106,0.5986362099647522,-1.3420966863632202,0.9994615912437439,0.4659850299358368,0.5897601246833801,-1.3181817531585693,0.9994058609008789,0.5188256502151489,0.664188802242279,-1.4136217832565308,0.99966961145401,0.5940986275672913,0.59853196144104,-1.3563188314437866,0.9994843006134033,0.4702475965023041,0.5918115973472595,-1.3336236476898193,0.9994329810142517,0.5498616695404053,0.6647998690605164,-1.4301795959472656,0.9996846318244934,0.6155017614364624,0.5984498262405396,-1.3627769947052002,0.9995074272155762,0.4844546914100647,0.5956423282623291,-1.351454496383667,0.9994575381278992,0.560584545135498,0.6654762625694275,-1.4423794746398926,0.9997028112411499,0.6238936185836792,0.5985103249549866,-1.3724141120910645,0.999535322189331,0.49167710542678833,0.5983878374099731,-1.3635098934173584,0.9994880557060242,0.592006504535675,0.6648082137107849,-1.4253653287887573,0.9997199177742004,0.6432877779006958,0.5955941081047058,-1.3645190000534058,0.9995646476745605,0.5183253884315491,0.5982425212860107,-1.3487547636032104,0.9995183348655701,0.6006689071655273,0.6644203662872314,-1.4208368062973022,0.9997366070747375,0.6499760150909424,0.593936026096344,-1.3572813272476196,0.9995929002761841,0.5274863243103027,0.598153293132782,-1.3450126647949219,0.9995477199554443,0.6279807686805725,0.6614879965782166,-1.498276948928833,0.9997472763061523,0.6638850569725037,0.5869591236114502,-1.413948655128479,0.9996128678321838,0.5518530011177063,0.5955544114112854,-1.425562858581543,0.9995680451393127,0.6358250975608826,0.6597008109092712,-1.529442548751831,0.9997549653053284,0.6694137454032898,0.5833235383033752,-1.443450927734375,0.9996291399002075,0.5600676536560059,0.5940424799919128,-1.4579322338104248,0.9995838403701782,0.6646980047225952,0.6600217223167419,-1.6043672561645508,0.9997550845146179,0.6910367608070374,0.5834305882453918,-1.5254285335540771,0.999630868434906,0.5901377201080322,0.5947791337966919,-1.5391238927841187,0.9995747804641724,0.6712941527366638,0.66024249792099,-1.596797227859497,0.9997521042823792,0.6971785426139832,0.5835332274436951,-1.5197904109954834,0.9996281862258911,0.5976973176002502,0.5953266024589539,-1.532247543334961,0.9995612502098083,0.7034505605697632,0.6637483239173889,-1.6765457391738892,0.9997042417526245,0.7204495072364807,0.5877198576927185,-1.5954700708389282,0.9995469450950623,0.63141930103302,0.5984689593315125,-1.6271294355392456,0.999461829662323,0.7106987237930298,0.6660668253898621,-1.6636356115341187,0.999641478061676,0.7273443937301636,0.5906170010566711,-1.584782600402832,0.9994421005249023,0.6395926475524902,0.6006454825401306,-1.6174472570419312,0.9993352293968201,0.7147266268730164,0.6665663719177246,-1.6385715007781982,0.9995951652526855,0.7339775562286377,0.590715765953064,-1.5573124885559082,0.9993622899055481,0.6412264108657837,0.6007928252220154,-1.5901774168014526,0.9992503523826599,0.7157987952232361,0.6669896245002747,-1.631309986114502,0.9995607733726501,0.7361863255500793,0.590849757194519,-1.5489953756332397,0.9993022084236145,0.6416473388671875,0.6009664535522461,-1.5835931301116943,0.9991881847381592,0.704833984375,0.6678690314292908,-1.6039035320281982,0.9995900988578796,0.7289680242538452,0.5923115611076355,-1.5154855251312256,0.9993512630462646,0.6327336430549622,0.6024364233016968,-1.536941409111023,0.9992431402206421
Celinguk,0.6189022064208984,0.6917536854743958,-1.475077748298645,0.9996257424354553,0.6800730228424072,0.6174494624137878,-1.4008333683013916,0.9994091391563416,0.555401623249054,0.6224664449691772,-1.4007869958877563,0.9993430972099304,0.5593488216400146,0.6916414499282837,-1.4743214845657349,0.9996340870857239,0.6411898136138916,0.6180250644683838,-1.4233697652816772,0.9994274377822876,0.515213131904602,0.6212607026100159,-1.3995740413665771,0.9993628263473511,0.5479799509048462,0.6913962364196777,-1.4740920066833496,0.9996436238288879,0.6311638951301575,0.6183528900146484,-1.4299044609069824,0.999445915222168,0.5062347650527954,0.6202040314674377,-1.3999550342559814,0.9993838667869568,0.5020159482955933,0.6888715624809265,-1.3564168214797974,0.9996249675750732,0.5919011831283569,0.6183337569236755,-1.3399794101715088,0.999417781829834,0.4785960018634796,0.615522027015686,-1.2798184156417847,0.9993524551391602,0.4941815733909607,0.6868907809257507,-1.3500182628631592,0.9995877742767334,0.5838093161582947,0.6182370781898499,-1.3331820964813232,0.9993606209754944,0.472939133644104,0.6120728254318237,-1.274821162223816,0.9992902278900146,0.445369154214859,0.6884593963623047,-1.3994332551956177,0.9993842840194702,0.526766836643219,0.6215549111366272,-1.4237626791000366,0.9991126656532288,0.4435010254383087,0.6131712198257446,-1.3160582780838013,0.9989900588989258,0.43927720189094543,0.688502311706543,-1.4204890727996826,0.9991962909698486,0.5168350338935852,0.6223987340927124,-1.4518787860870361,0.9989035725593567,0.4383094012737274,0.6132221817970276,-1.346584677696228,0.9987397789955139,0.4213576018810272,0.6886517405509949,-1.4027307033538818,0.9990699887275696,0.49554261565208435,0.6226068139076233,-1.4459906816482544,0.9987809658050537,0.4196857511997223,0.613256573677063,-1.3435370922088623,0.9985494017601013,0.4183036684989929,0.6889140605926514,-1.3709486722946167,0.9989447593688965,0.4940662086009979,0.6229760646820068,-1.4179491996765137,0.9986642599105835,0.41522935032844543,0.6132638454437256,-1.319515585899353,0.9983767867088318,0.41691815853118896,0.6976783275604248,-1.6361668109893799,0.9987714886665344,0.491812139749527,0.6307234764099121,-1.6756949424743652,0.9984794855117798,0.40954601764678955,0.61893230676651,-1.5919201374053955,0.9981334805488586,0.41196972131729126,0.7011117339134216,-1.5775949954986572,0.998446524143219,0.4849572479724884,0.6339702606201172,-1.6071550846099854,0.998098611831665,0.40542060136795044,0.6215633749961853,-1.52922785282135,0.9976187944412231,0.4180297553539276,0.7009614109992981,-1.2189593315124512,0.9984193444252014,0.4911107122898102,0.6336947679519653,-1.2502756118774414,0.9980521202087402,0.4080459475517273,0.62152498960495,-1.1646125316619873,0.9975590109825134,0.419644832611084,0.700872004032135,-1.1721876859664917,0.9984018206596375,0.4928499162197113,0.6334790587425232,-1.2002949714660645,0.9980133771896362,0.4086915850639343,0.6214838624000549,-1.1170717477798462,0.997517466545105,0.4275877773761749,0.7001031637191772,-1.066871166229248,0.9984900951385498,0.5114726424217224,0.6302431225776672,-1.067850112915039,0.9981058835983276,0.41130298376083374,0.6211728453636169,-1.0001248121261597,0.9976365566253662,0.43358734250068665,0.6992334127426147,-1.0451537370681763,0.9985730648040771,0.5222191214561462,0.6278406381607056,-1.044803500175476,0.9981927275657654,0.4133204519748688,0.6207495927810669,-0.9777523875236511,0.9977498054504395
Celinguk,0.4742594063282013,0.6706705689430237,-1.087174892425537,0.9994884133338928,0.5647991299629211,0.6112493872642517,-1.0615218877792358,0.9991320967674255,0.4653741419315338,0.5927808284759521,-1.0101277828216553,0.9991000294685364,0.502292811870575,0.6751402020454407,-1.2344257831573486,0.9994789361953735,0.5879001021385193,0.6133564710617065,-1.187172770500183,0.9991089701652527,0.4730713665485382,0.601371169090271,-1.1606495380401611,0.9990841746330261,0.514885663986206,0.6776165962219238,-1.2633620500564575,0.9994723200798035,0.5984090566635132,0.6146420240402222,-1.215976357460022,0.9990915060043335,0.4778302013874054,0.6057193875312805,-1.1900279521942139,0.9990730881690979,0.5651051998138428,0.6845940947532654,-1.3193291425704956,0.999505341053009,0.6338713765144348,0.6180495619773865,-1.2575695514678955,0.999149739742279,0.5014746189117432,0.6144378781318665,-1.2537074089050293,0.9991317391395569,0.5789888501167297,0.6884699463844299,-1.32173490524292,0.9995366930961609,0.6450044512748718,0.6201848983764648,-1.2598040103912354,0.9992045164108276,0.5112911462783813,0.6188434958457947,-1.25766921043396,0.9991870522499084,0.6199929118156433,0.6883268356323242,-1.4728924036026,0.9995630979537964,0.666417121887207,0.6192537546157837,-1.393128514289856,0.9992548823356628,0.5476894378662109,0.6193447709083557,-1.409909725189209,0.9992355108261108,0.6289787888526917,0.688271164894104,-1.5096869468688965,0.9995841979980469,0.6724623441696167,0.61855149269104,-1.431985855102539,0.9992956519126892,0.5577309727668762,0.6198023557662964,-1.4486905336380005,0.9992741942405701,0.6712826490402222,0.6884626150131226,-1.6055498123168945,0.9995833039283752,0.6988502740859985,0.6169572472572327,-1.5276250839233398,0.9992936253547668,0.5979840755462646,0.6201943159103394,-1.5553759336471558,0.9992606043815613,0.6801669597625732,0.6887915134429932,-1.6227723360061646,0.9995833039283752,0.7062851786613464,0.6162847280502319,-1.5452721118927002,0.9992936253547668,0.6077011823654175,0.6207069158554077,-1.573274850845337,0.9992504119873047,0.7242661714553833,0.6907169818878174,-1.6308772563934326,0.9993190765380859,0.7352097034454346,0.6164681315422058,-1.5566335916519165,0.9988768696784973,0.6547709703445435,0.6221354603767395,-1.601301670074463,0.9988352656364441,0.7314620018005371,0.6920587420463562,-1.6958119869232178,0.999080240726471,0.7416410446166992,0.6167606115341187,-1.6205930709838867,0.998524010181427,0.6629295945167542,0.6229813694953918,-1.6672836542129517,0.9984808564186096,0.7368454337120056,0.6926025748252869,-1.6766934394836426,0.9990965723991394,0.7513087391853333,0.6167134642601013,-1.6023954153060913,0.9985433220863342,0.666938841342926,0.6228759288787842,-1.6445505619049072,0.9985045194625854,0.736274778842926,0.6926007270812988,-1.676478624343872,0.9991196990013123,0.7533394694328308,0.6164137721061707,-1.6034706830978394,0.9985793232917786,0.6651282906532288,0.6227913498878479,-1.6494309902191162,0.9985396862030029,0.7366489171981812,0.6925929188728333,-1.6586958169937134,0.9991271495819092,0.7544353604316711,0.6161103844642639,-1.5857982635498047,0.9985904097557068,0.6651127934455872,0.6227272748947144,-1.6312649250030518,0.998548150062561,0.7255434989929199,0.6946564316749573,-1.7229156494140625,0.9991869926452637,0.7467448711395264,0.6185251474380493,-1.6466174125671387,0.9986889362335205,0.6584098935127258,0.6244258880615234,-1.675187110900879,0.9986394643783569
Celinguk,0.6621962189674377,0.6859778165817261,-1.6575188636779785,0.9989302754402161,0.684861958026886,0.6127194762229919,-1.5863655805587769,0.998485267162323,0.5882526636123657,0.6198611259460449,-1.616337537765503,0.9982460141181946,0.6714545488357544,0.686305820941925,-1.7138572931289673,0.9989228844642639,0.6915363669395447,0.6126071214675903,-1.643405795097351,0.998461902141571,0.5991740822792053,0.6206510066986084,-1.674864411354065,0.9982417225837708,0.6927016973495483,0.6878136396408081,-1.573095440864563,0.9989359378814697,0.7088131308555603,0.6142336130142212,-1.5098881721496582,0.9984714388847351,0.6244193315505981,0.6223331093788147,-1.5305812358856201,0.9982540011405945,0.6966532468795776,0.6892714500427246,-1.5770388841629028,0.998961329460144,0.7136995196342468,0.6156594753265381,-1.5067760944366455,0.9984986782073975,0.6300148963928223,0.6234971284866333,-1.5395499467849731,0.9982874989509583,0.7054768204689026,0.6893510818481445,-1.6254903078079224,0.9988664984703064,0.7205095291137695,0.6156768798828125,-1.5485758781433105,0.998343288898468,0.638318657875061,0.6235836744308472,-1.585686445236206,0.9981279373168945,0.7077667713165283,0.6895763278007507,-1.6440050601959229,0.9987645745277405,0.7226541638374329,0.6157724261283875,-1.566756010055542,0.9981826543807983,0.6410272717475891,0.6237298846244812,-1.604370355606079,0.997965395450592,0.6911163330078125,0.6890543103218079,-1.6140280961990356,0.998875617980957,0.7126368880271912,0.615659236907959,-1.5393965244293213,0.9983485341072083,0.6302862167358398,0.6233128309249878,-1.5607916116714478,0.9981461763381958,0.6817856431007385,0.6886029839515686,-1.6086241006851196,0.9989756345748901,0.7073679566383362,0.6155040264129639,-1.5339648723602295,0.9984978437423706,0.6233500838279724,0.6228935718536377,-1.550115942955017,0.998308539390564,0.629144549369812,0.6886062622070312,-1.6528598070144653,0.9990619421005249,0.686140239238739,0.6164113283157349,-1.5880733728408813,0.9986258745193481,0.5647538900375366,0.6228756308555603,-1.585994839668274,0.9984492063522339,0.6105756163597107,0.6886237859725952,-1.6630375385284424,0.9991363883018494,0.6755268573760986,0.6174012422561646,-1.6015335321426392,0.9987374544143677,0.5451222062110901,0.622856855392456,-1.5969939231872559,0.9985713362693787,0.5350380539894104,0.6969274878501892,-1.6553361415863037,0.9991520047187805,0.6247193813323975,0.6237084269523621,-1.62078857421875,0.9987408518791199,0.49993017315864563,0.6254803538322449,-1.5888769626617432,0.998582661151886,0.519963800907135,0.7000506520271301,-1.618875503540039,0.9991663694381714,0.6106382608413696,0.6260331273078918,-1.6093406677246094,0.9987427592277527,0.48911237716674805,0.6261833310127258,-1.54628324508667,0.9985928535461426,0.4528973400592804,0.7001338601112366,-1.2098753452301025,0.9990172982215881,0.5332481265068054,0.6288902759552002,-1.2418887615203857,0.9984837174415588,0.4521825909614563,0.6261614561080933,-1.1612073183059692,0.9983670711517334,0.4429089426994324,0.6999641060829163,-1.141181468963623,0.9989632964134216,0.5214682221412659,0.6295011043548584,-1.1699799299240112,0.9983982443809509,0.44397443532943726,0.6259089112281799,-1.09223210811615,0.9982964396476746,0.41948217153549194,0.6927120089530945,-1.2059299945831299,0.9986922144889832,0.4942496418952942,0.6265491247177124,-1.2489322423934937,0.9980740547180176,0.42888036370277405,0.6183056831359863,-1.1578614711761475,0.9979325532913208
Celinguk,0.4349956214427948,0.6945531964302063,-1.1652495861053467,0.9993538856506348,0.517498254776001,0.6341883540153503,-1.1876970529556274,0.999057412147522,0.4361565411090851,0.6169455051422119,-1.1038228273391724,0.9989035725593567,0.42671817541122437,0.6934661865234375,-1.1302697658538818,0.9993316531181335,0.5067915916442871,0.6339616179466248,-1.1554902791976929,0.9990381598472595,0.42908841371536255,0.6163525581359863,-1.0693784952163696,0.998878002166748,0.40775224566459656,0.6924251914024353,-1.213987946510315,0.9991804361343384,0.48664823174476624,0.632185697555542,-1.2917410135269165,0.998867392539978,0.41228196024894714,0.615437388420105,-1.1006332635879517,0.9986372590065002,0.40444985032081604,0.6916353106498718,-1.2621430158615112,0.9991160035133362,0.48334789276123047,0.6304141283035278,-1.3461896181106567,0.9988064169883728,0.4077662229537964,0.6145153641700745,-1.1278456449508667,0.9985573291778564,0.39388158917427063,0.6916096210479736,-1.301937222480774,0.9989868998527527,0.4739438593387604,0.6295682787895203,-1.3495765924453735,0.9986794590950012,0.3942723572254181,0.614290177822113,-1.2030223608016968,0.998383641242981,0.3959095776081085,0.691594660282135,-1.224267840385437,0.998945951461792,0.475165992975235,0.6292628645896912,-1.2552162408828735,0.998613715171814,0.39065369963645935,0.6142168045043945,-1.160946011543274,0.9983118176460266,0.39699703454971313,0.6910736560821533,-1.2345085144042969,0.998920202255249,0.4762115776538849,0.6278640627861023,-1.3001348972320557,0.9985867738723755,0.3915614187717438,0.6134461760520935,-1.1754580736160278,0.9982794523239136,0.40838536620140076,0.6944047212600708,-1.1457302570343018,0.9989341497421265,0.4852319061756134,0.6285658478736877,-1.167650580406189,0.9986225366592407,0.3997165262699127,0.6156221032142639,-1.0813226699829102,0.9982837438583374,0.41488879919052124,0.6962220668792725,-1.1179141998291016,0.9989530444145203,0.49123188853263855,0.6289963126182556,-1.133762240409851,0.9986602067947388,0.40397047996520996,0.6170557141304016,-1.0531147718429565,0.9982998371124268,0.48228585720062256,0.69617760181427,-1.1526752710342407,0.9990283846855164,0.5585094690322876,0.6283660531044006,-1.1943906545639038,0.9987515807151794,0.4314541518688202,0.6183232069015503,-1.082931399345398,0.9984189867973328,0.5029310584068298,0.6962125301361084,-1.193178653717041,0.9991016387939453,0.579053521156311,0.6280656456947327,-1.1995108127593994,0.9988408088684082,0.44490811228752136,0.6193746328353882,-1.1304447650909424,0.998536229133606,0.5616004467010498,0.6964942216873169,-1.4314842224121094,0.9991616606712341,0.6221574544906616,0.6279243230819702,-1.3644235134124756,0.9989171028137207,0.48453766107559204,0.62347012758255,-1.3688910007476807,0.9986329078674316,0.5747147798538208,0.6966173648834229,-1.4763075113296509,0.9992085099220276,0.632453441619873,0.6278029084205627,-1.4109936952590942,0.998974621295929,0.49728652834892273,0.6260200142860413,-1.4176393747329712,0.998706042766571,0.577961802482605,0.6966190338134766,-1.5447821617126465,0.9992445111274719,0.6355822682380676,0.6277154684066772,-1.4843626022338867,0.9990202784538269,0.5011321902275085,0.6272310614585876,-1.4893912076950073,0.9987607002258301,0.6257612109184265,0.691967785358429,-1.495262861251831,0.9992735385894775,0.6578994989395142,0.6205989122390747,-1.4326817989349365,0.9990570545196533,0.546296238899231,0.6265242099761963,-1.4377918243408203,0.9987989068031311
Celinguk,0.7441781759262085,0.656563401222229,-1.6633564233779907,0.9984450936317444,0.7404419779777527,0.5842248201370239,-1.6239186525344849,0.9976523518562317,0.6719809174537659,0.5942748785018921,-1.6246166229248047,0.9976639151573181,0.7522835731506348,0.6549004316329956,-1.6380794048309326,0.9982534646987915,0.7507790327072144,0.5826457738876343,-1.6109551191329956,0.9973574876785278,0.6812760829925537,0.5917627811431885,-1.5978999137878418,0.9974731802940369,0.7833033204078674,0.6544443964958191,-1.6164298057556152,0.9979763031005859,0.7722334861755371,0.5826839804649353,-1.5837106704711914,0.9969418048858643,0.7144087553024292,0.5915903449058533,-1.6173044443130493,0.9973009824752808,0.7828913331031799,0.6542043089866638,-1.6282408237457275,0.9977966547012329,0.7751280665397644,0.5827706456184387,-1.5743745565414429,0.9966652989387512,0.7143727540969849,0.5913147926330566,-1.6459355354309082,0.9971737265586853,0.7779390811920166,0.6543141007423401,-1.6180607080459595,0.9978173971176147,0.7803861498832703,0.5829403400421143,-1.5678633451461792,0.9966874718666077,0.7089841961860657,0.5913182497024536,-1.6233136653900146,0.9972195625305176,0.7780882120132446,0.6545581817626953,-1.5534733533859253,0.9978283643722534,0.782318115234375,0.583914577960968,-1.4914252758026123,0.996685802936554,0.7091529965400696,0.5915808081626892,-1.5687834024429321,0.9972325563430786,0.7575393915176392,0.6607289910316467,-1.5932413339614868,0.9979367852210999,0.7692447900772095,0.5876072645187378,-1.5250650644302368,0.9968275427818298,0.6904669404029846,0.593470573425293,-1.5856386423110962,0.9973569512367249,0.7472717761993408,0.6645828485488892,-1.6323440074920654,0.9980365633964539,0.7643300294876099,0.5902292132377625,-1.56059992313385,0.9969666600227356,0.6806627511978149,0.594781756401062,-1.6132479906082153,0.9974830746650696,0.6767784953117371,0.6658343076705933,-1.6291309595108032,0.9982195496559143,0.7255381941795349,0.5937932729721069,-1.5554747581481934,0.9972456693649292,0.6119469404220581,0.5955281257629395,-1.5745017528533936,0.9977098107337952,0.6565057635307312,0.666096031665802,-1.5683972835540771,0.9983863830566406,0.7095927000045776,0.5953195691108704,-1.494576096534729,0.997501015663147,0.5908528566360474,0.5957155823707581,-1.505571722984314,0.9979177117347717,0.5836071372032166,0.666429340839386,-1.570098876953125,0.9985169172286987,0.6536263227462769,0.5960471630096436,-1.4957754611968994,0.997697651386261,0.5331583023071289,0.5955746173858643,-1.513688325881958,0.9980710744857788,0.5708557963371277,0.6666638851165771,-1.5721545219421387,0.9986354112625122,0.6404614448547363,0.5965710282325745,-1.5041968822479248,0.9978770613670349,0.5214160084724426,0.5955272912979126,-1.5202304124832153,0.9982103109359741,0.48814210295677185,0.6661094427108765,-1.4128432273864746,0.9986901879310608,0.5716083645820618,0.5982856154441833,-1.3961011171340942,0.997937798500061,0.4707636535167694,0.594014585018158,-1.3481563329696655,0.9982340931892395,0.47807782888412476,0.6660908460617065,-1.3775345087051392,0.9987582564353943,0.5610706806182861,0.5992967486381531,-1.3607313632965088,0.9980232119560242,0.4618722200393677,0.5935556292533875,-1.3148638010025024,0.9982934594154358,0.41841182112693787,0.6660386919975281,-1.265533447265625,0.9987441897392273,0.4918453097343445,0.6011864542961121,-1.280989646911621,0.9979698061943054,0.41519713401794434,0.5935640931129456,-1.2056068181991577,0.9981970191001892
Terdiam,0.5732042789459229,0.6393452882766724,-1.40290105342865,0.9998618364334106,0.6308386325836182,0.5730897188186646,-1.3307102918624878,0.9997933506965637,0.5127981901168823,0.5727728009223938,-1.3293719291687012,0.9997328519821167,0.5732250213623047,0.6399443745613098,-1.413075566291809,0.9998594522476196,0.6308467388153076,0.5736257433891296,-1.3411478996276855,0.9997904896736145,0.5128165483474731,0.5730974674224854,-1.339324712753296,0.9997294545173645,0.5732365846633911,0.6409129500389099,-1.4125852584838867,0.9998583197593689,0.6308540105819702,0.5740867257118225,-1.3369101285934448,0.9997888803482056,0.5128229260444641,0.5737126469612122,-1.3356437683105469,0.9997283220291138,0.5732489824295044,0.6413846015930176,-1.4026548862457275,0.9998579025268555,0.6308607459068298,0.5743045806884766,-1.330519676208496,0.9997881650924683,0.5128317475318909,0.5740177631378174,-1.3296620845794678,0.9997283220291138,0.573383092880249,0.6429997086524963,-1.4160221815109253,0.9998536705970764,0.6308794617652893,0.5750788450241089,-1.3447039127349854,0.9997804164886475,0.5130024552345276,0.5758840441703796,-1.3445959091186523,0.9997181296348572,0.5734895467758179,0.644130289554596,-1.4200531244277954,0.9998497366905212,0.6308942437171936,0.5756757259368896,-1.3490467071533203,0.9997733235359192,0.5131504535675049,0.5771920680999756,-1.3490886688232422,0.9997087717056274,0.5737211108207703,0.646237850189209,-1.409779667854309,0.9998518228530884,0.6310138702392578,0.577256977558136,-1.3388314247131348,0.9997773170471191,0.5133667588233948,0.5807145237922668,-1.3385084867477417,0.9997125864028931,0.5738733410835266,0.6469012498855591,-1.3865972757339478,0.9998545050621033,0.6311182379722595,0.5776554346084595,-1.3138957023620605,0.9997815489768982,0.5134564638137817,0.5814318656921387,-1.3132404088974,0.9997174739837646,0.5738933086395264,0.6471097469329834,-1.383527398109436,0.9998528361320496,0.6311455965042114,0.5777706503868103,-1.312195897102356,0.9997801780700684,0.5134752988815308,0.5813853740692139,-1.310225009918213,0.9997132420539856,0.573935866355896,0.6472269892692566,-1.3795831203460693,0.9998517632484436,0.6312022805213928,0.5778241157531738,-1.3088213205337524,0.9997793436050415,0.5134881734848022,0.5813190937042236,-1.3061960935592651,0.9997100234031677,0.5740734338760376,0.6472458839416504,-1.3784608840942383,0.9998442530632019,0.6312905550003052,0.5778300762176514,-1.3070346117019653,0.9997684955596924,0.513607382774353,0.5809985399246216,-1.3056037425994873,0.9996960759162903,0.574120283126831,0.6478930711746216,-1.368050456047058,0.9998478889465332,0.6313443183898926,0.5783717036247253,-1.2956022024154663,0.9997748732566833,0.5137761831283569,0.5815944075584412,-1.294283151626587,0.9997045397758484,0.5741596817970276,0.6483334898948669,-1.3573787212371826,0.9998515844345093,0.6313960552215576,0.5787776708602905,-1.2842199802398682,0.99978107213974,0.5138933658599854,0.581953763961792,-1.2831584215164185,0.9997127652168274,0.5741798877716064,0.6484053134918213,-1.3266571760177612,0.999850869178772,0.6314214468002319,0.5788050889968872,-1.252923846244812,0.9997814893722534,0.5139171481132507,0.5819302201271057,-1.250779390335083,0.9997115135192871,0.574195921421051,0.6484351754188538,-1.3178807497024536,0.9998502731323242,0.631443977355957,0.578815758228302,-1.243836522102356,0.9997819662094116,0.5139382481575012,0.5818699598312378,-1.2413889169692993,0.9997102618217468
Terdiam,0.560677707195282,0.676339864730835,-1.3486597537994385,0.9997373223304749,0.625706672668457,0.6083478927612305,-1.2933106422424316,0.9995817542076111,0.5001899600028992,0.6073532700538635,-1.2879706621170044,0.9995049238204956,0.5602565407752991,0.6761220097541809,-1.2826076745986938,0.9997400641441345,0.6249207258224487,0.6078627109527588,-1.2263201475143433,0.9995875358581543,0.5000154972076416,0.6072947978973389,-1.2181895971298218,0.9995110034942627,0.5600565671920776,0.675929605960846,-1.2802202701568604,0.9997414350509644,0.6244690418243408,0.6074894070625305,-1.224031686782837,0.9995906949043274,0.4999184012413025,0.6072057485580444,-1.215649127960205,0.9995142221450806,0.5593471527099609,0.6758878827095032,-1.2500128746032715,0.9997521638870239,0.6238803863525391,0.6072891354560852,-1.1944071054458618,0.9996069669723511,0.4992750287055969,0.6071904301643372,-1.184192419052124,0.9995346069335938,0.5589136481285095,0.6758624315261841,-1.2486549615859985,0.9997608065605164,0.6234899163246155,0.6071447730064392,-1.1931556463241577,0.9996201992034912,0.4988819658756256,0.6071803569793701,-1.1825579404830933,0.9995511174201965,0.5585604310035706,0.6758127808570862,-1.382149338722229,0.9997478127479553,0.6231251358985901,0.6070046424865723,-1.328047275543213,0.9995997548103333,0.4986567199230194,0.6071624159812927,-1.3140424489974976,0.9995283484458923,0.5583061575889587,0.675754189491272,-1.4089000225067139,0.999735951423645,0.6228781342506409,0.6068631410598755,-1.3546972274780273,0.9995808005332947,0.4984878897666931,0.6071358323097229,-1.3409548997879028,0.999507486820221,0.5580877065658569,0.6756476163864136,-1.392467975616455,0.9997255802154541,0.6226495504379272,0.6065707802772522,-1.3374439477920532,0.9995675683021545,0.4984130263328552,0.6070412397384644,-1.32505464553833,0.9994882941246033,0.5578820109367371,0.6755421161651611,-1.3862029314041138,0.9997183680534363,0.6224551796913147,0.6063479781150818,-1.3302361965179443,0.999558687210083,0.4983428418636322,0.6069489121437073,-1.3183833360671997,0.9994754195213318,0.5577929019927979,0.6754342317581177,-1.3212624788284302,0.9997296929359436,0.6222999095916748,0.6062817573547363,-1.2650808095932007,0.9995754957199097,0.49827292561531067,0.6069066524505615,-1.249760389328003,0.9994934797286987,0.5577038526535034,0.6753443479537964,-1.3115803003311157,0.9997383952140808,0.6221677660942078,0.6062003374099731,-1.2556825876235962,0.9995887875556946,0.4982106685638428,0.6068909764289856,-1.2402154207229614,0.999506950378418,0.5576876997947693,0.6752024292945862,-1.3147553205490112,0.9997403621673584,0.6221615076065063,0.6061081290245056,-1.2590709924697876,0.9995925426483154,0.49819737672805786,0.6067014932632446,-1.244663119316101,0.9995097517967224,0.5576731562614441,0.6751775741577148,-1.3186426162719727,0.999742329120636,0.6221491694450378,0.6060868501663208,-1.2607755661010742,0.9995957016944885,0.4981856346130371,0.6066311001777649,-1.2470062971115112,0.999512255191803,0.5577078461647034,0.6751469969749451,-1.3165491819381714,0.9997369050979614,0.6221555471420288,0.6061193943023682,-1.2609165906906128,0.9995854496955872,0.4982004463672638,0.6065417528152466,-1.2465261220932007,0.9994990825653076,0.5577622056007385,0.6751197576522827,-1.317414402961731,0.9997318387031555,0.6221751570701599,0.6061580777168274,-1.2622196674346924,0.9995761513710022,0.4982215166091919,0.606467068195343,-1.2479503154754639,0.999487042427063
Terdiam,0.4901563823223114,0.6272149682044983,-0.755693793296814,0.9995867609977722,0.5616593956947327,0.572208821773529,-0.7729271054267883,0.9991829991340637,0.48936927318573,0.556378960609436,-0.7023443579673767,0.999261200428009,0.4901679754257202,0.6272218823432922,-0.7648211121559143,0.9995992183685303,0.5616652369499207,0.5722156763076782,-0.784841001033783,0.9992058277130127,0.48938924074172974,0.5563702583312988,-0.7142698764801025,0.999288022518158,0.49008166790008545,0.6274122595787048,-0.9016362428665161,0.9995898604393005,0.5616443157196045,0.5724568963050842,-0.9052163362503052,0.9991997480392456,0.4892880618572235,0.5565651655197144,-0.8397688865661621,0.9992736577987671,0.49003589153289795,0.6275233030319214,-0.9296658039093018,0.9995811581611633,0.5616412162780762,0.5726186037063599,-0.9301646947860718,0.9991937279701233,0.48922836780548096,0.5566838979721069,-0.866004467010498,0.9992601275444031,0.49002447724342346,0.6276012659072876,-0.9684250354766846,0.999578058719635,0.561633825302124,0.5728768110275269,-0.9671570062637329,0.9991900324821472,0.48921841382980347,0.5568180680274963,-0.9048919081687927,0.9992549419403076,0.49000465869903564,0.6276583075523376,-0.9712188243865967,0.9995740652084351,0.5616179704666138,0.5730664134025574,-0.9704263210296631,0.9991840720176697,0.4892069697380066,0.5569137930870056,-0.9080284237861633,0.9992479681968689,0.48987510800361633,0.6277849674224854,-0.9732401371002197,0.9995613098144531,0.5615699887275696,0.573123574256897,-0.9714601039886475,0.9991664290428162,0.48912474513053894,0.5570363998413086,-0.9094198346138,0.9992261528968811,0.4897615909576416,0.6278994679450989,-0.9704012274742126,0.9995548725128174,0.561520516872406,0.5731753706932068,-0.9685748219490051,0.9991585612297058,0.48905080556869507,0.5571389198303223,-0.9065070152282715,0.9992150664329529,0.489751398563385,0.6282112002372742,-0.978371798992157,0.9995216131210327,0.5616384148597717,0.5733930468559265,-0.9734397530555725,0.9991022348403931,0.48899802565574646,0.5573627948760986,-0.9149585366249084,0.9991695284843445,0.48973920941352844,0.6283212900161743,-0.9756020903587341,0.9994951486587524,0.5617812871932983,0.5734877586364746,-0.9698795080184937,0.9990583062171936,0.4889608323574066,0.557461678981781,-0.9124658703804016,0.9991348385810852,0.4895206391811371,0.6285030245780945,-0.9885927438735962,0.9994901418685913,0.561764657497406,0.5735047459602356,-0.9851265549659729,0.9990509152412415,0.488657146692276,0.5575172305107117,-0.9244468808174133,0.9991212487220764,0.48936107754707336,0.6286370158195496,-0.990313708782196,0.9994871616363525,0.5617549419403076,0.5735159516334534,-0.9877025485038757,0.9990474581718445,0.4884260594844818,0.5575580596923828,-0.9260634779930115,0.9991117119789124,0.4893450438976288,0.6287834048271179,-0.8955407738685608,0.9994968771934509,0.5618984699249268,0.5735288262367249,-0.8953194618225098,0.9990644454956055,0.48821425437927246,0.557589054107666,-0.832383930683136,0.9991316199302673,0.48933103680610657,0.6288859248161316,-0.8771070837974548,0.9995044469833374,0.5620261430740356,0.5735411047935486,-0.877520740032196,0.9990774393081665,0.488046258687973,0.5576120615005493,-0.8144446015357971,0.9991474747657776,0.48931461572647095,0.6289133429527283,-0.8848118782043457,0.9995052218437195,0.5620312690734863,0.5736367106437683,-0.8868684768676758,0.9990799427032471,0.48802974820137024,0.5576578378677368,-0.8230934739112854,0.9991551637649536
Terdiam,0.5407311916351318,0.6085819005966187,-1.2780708074569702,0.9996216893196106,0.5640437602996826,0.5569339990615845,-1.1989259719848633,0.9992371797561646,0.4814577102661133,0.5588363409042358,-1.2224769592285156,0.9994005560874939,0.5408109426498413,0.6084640026092529,-1.2594374418258667,0.9996240735054016,0.5640627145767212,0.5569101572036743,-1.1797378063201904,0.9992403388023376,0.4814685881137848,0.5588604211807251,-1.2011723518371582,0.9993966817855835,0.5409026145935059,0.6083322167396545,-1.248563289642334,0.9996256828308105,0.5640826225280762,0.5568744540214539,-1.1685640811920166,0.9992418885231018,0.4814802408218384,0.558890700340271,-1.1897177696228027,0.999392032623291,0.5414766669273376,0.6085758209228516,-1.3086631298065186,0.99958336353302,0.564565896987915,0.5570130944252014,-1.2296284437179565,0.9991587400436401,0.48194485902786255,0.5590806603431702,-1.2537994384765625,0.9993369579315186,0.5417575240135193,0.608721137046814,-1.3277857303619385,0.9995452761650085,0.5648354887962341,0.5571138858795166,-1.2484922409057617,0.999083399772644,0.48216813802719116,0.5592297315597534,-1.2729122638702393,0.9992865324020386,0.5420626401901245,0.6086779832839966,-1.3197636604309082,0.9995230436325073,0.5649003982543945,0.5571150779724121,-1.2407355308532715,0.9990307688713074,0.48229506611824036,0.5592570304870605,-1.2662134170532227,0.9992477893829346,0.5423296689987183,0.6085926294326782,-1.3145965337753296,0.9995033740997314,0.5649645328521729,0.5570963621139526,-1.2356520891189575,0.9989829063415527,0.48240458965301514,0.559280514717102,-1.2612378597259521,0.9992114901542664,0.5422252416610718,0.6080154180526733,-1.3085640668869019,0.9994823336601257,0.564918577671051,0.5568823218345642,-1.2296706438064575,0.9989433884620667,0.48201581835746765,0.5592136383056641,-1.2540665864944458,0.999174177646637,0.5421353578567505,0.6075851321220398,-1.3049885034561157,0.9994637370109558,0.564882755279541,0.5567198991775513,-1.2260464429855347,0.9989083409309387,0.4817146360874176,0.5591574311256409,-1.2496421337127686,0.9991413354873657,0.5423279404640198,0.6075724363327026,-1.2290478944778442,0.9994832873344421,0.5649376511573792,0.5567032098770142,-1.1500496864318848,0.9989475011825562,0.48180633783340454,0.5591765642166138,-1.1725459098815918,0.9991676807403564,0.5424600839614868,0.6075513958930969,-1.2122470140457153,0.9995006918907166,0.5649762153625488,0.5566855669021606,-1.1334168910980225,0.9989818334579468,0.4818601906299591,0.5591941475868225,-1.1558479070663452,0.9991903901100159,0.5424753427505493,0.6075441241264343,-1.2260265350341797,0.9995009899139404,0.5649961233139038,0.5566994547843933,-1.147037148475647,0.9989761710166931,0.4818677604198456,0.5592072010040283,-1.1700832843780518,0.9991812109947205,0.5424885153770447,0.607537031173706,-1.231684684753418,0.9995013475418091,0.5650139451026917,0.556713879108429,-1.1529076099395752,0.9989709854125977,0.48187556862831116,0.5592208504676819,-1.176035761833191,0.9991728663444519,0.5424754619598389,0.6075015664100647,-1.2621605396270752,0.9994863867759705,0.5650285482406616,0.5567169189453125,-1.1801618337631226,0.9989417791366577,0.4818686842918396,0.5592336058616638,-1.20511794090271,0.9991556406021118,0.5424699783325195,0.6074550747871399,-1.2757312059402466,0.9994725584983826,0.5650410652160645,0.5567173957824707,-1.1929433345794678,0.9989147782325745,0.4818660616874695,0.5592414736747742,-1.2183611392974854,0.9991396069526672
Terdiam,0.4989936649799347,0.6345134973526001,-1.3366882801055908,0.9998540282249451,0.5749446153640747,0.5700734257698059,-1.2821999788284302,0.999736487865448,0.45672178268432617,0.5571908950805664,-1.2567193508148193,0.9997318983078003,0.4989692270755768,0.6344884037971497,-1.2753711938858032,0.9998477101325989,0.5748889446258545,0.5700171589851379,-1.2263636589050293,0.9997254610061646,0.4567350447177887,0.5571660399436951,-1.1998587846755981,0.9997205138206482,0.4989560544490814,0.6344325542449951,-1.2537281513214111,0.9998432993888855,0.5748571157455444,0.5699465274810791,-1.2053306102752686,0.9997180104255676,0.4567486047744751,0.5571262836456299,-1.1789324283599854,0.9997126460075378,0.498980313539505,0.6345118880271912,-1.2410426139831543,0.9998438358306885,0.5747624635696411,0.5699107050895691,-1.1922369003295898,0.9997159838676453,0.4567625820636749,0.5573816299438477,-1.168406367301941,0.9997126460075378,0.49900439381599426,0.63455730676651,-1.2421021461486816,0.9998449087142944,0.5747120380401611,0.5698829293251038,-1.1927204132080078,0.9997152090072632,0.4567861557006836,0.557671308517456,-1.1693949699401855,0.9997135996818542,0.4990108013153076,0.6346474289894104,-1.1637500524520874,0.9998384118080139,0.5747054219245911,0.569860577583313,-1.1179612874984741,0.9997031688690186,0.45679962635040283,0.5576621294021606,-1.0946853160858154,0.9997003674507141,0.4990162253379822,0.6347202658653259,-1.150692105293274,0.9998325705528259,0.5746996402740479,0.5698409676551819,-1.104925513267517,0.9996923804283142,0.4568105638027191,0.557655394077301,-1.0815805196762085,0.9996885061264038,0.4991219639778137,0.6348221898078918,-1.1725951433181763,0.9998387694358826,0.5747061371803284,0.5698163509368896,-1.1252332925796509,0.9997041821479797,0.4568828046321869,0.5576704740524292,-1.101813793182373,0.9997000694274902,0.49921220541000366,0.6349257826805115,-1.182745337486267,0.9998440742492676,0.5747080445289612,0.569796085357666,-1.1350793838500977,0.9997143149375916,0.45693764090538025,0.5576936602592468,-1.1105265617370605,0.9997099041938782,0.4992184638977051,0.6349647641181946,-1.2359479665756226,0.9998505115509033,0.5745503902435303,0.5698630213737488,-1.1851824522018433,0.9997265934944153,0.4569509029388428,0.5578969717025757,-1.1597179174423218,0.9997222423553467,0.49922075867652893,0.6350015997886658,-1.2448203563690186,0.9998566508293152,0.5744331479072571,0.5699402689933777,-1.194039225578308,0.999738335609436,0.45696353912353516,0.5580610632896423,-1.1682406663894653,0.9997341632843018,0.499325156211853,0.6348981857299805,-1.326287031173706,0.9998503923416138,0.5744553804397583,0.5698861479759216,-1.2758194208145142,0.9997285008430481,0.4570658802986145,0.5580376386642456,-1.2489757537841797,0.9997232556343079,0.49939820170402527,0.63478022813797,-1.343077540397644,0.9998455047607422,0.574469804763794,0.569826066493988,-1.2926450967788696,0.9997208714485168,0.45714008808135986,0.5580060482025146,-1.2658183574676514,0.9997148513793945,0.4994121193885803,0.6346266269683838,-1.2717963457107544,0.9998475909233093,0.5744718313217163,0.5697894096374512,-1.223597764968872,0.9997225403785706,0.4572362005710602,0.5578920245170593,-1.2008050680160522,0.9997183680534363,0.49942559003829956,0.6344013810157776,-1.242851734161377,0.999849259853363,0.5744739174842834,0.5697154998779297,-1.1951515674591064,0.9997234344482422,0.4573323428630829,0.5577407479286194,-1.1731263399124146,0.9997211694717407
Terdiam,0.6369363069534302,0.6047290563583374,-1.5890522003173828,0.9970172643661499,0.6479856967926025,0.5356471538543701,-1.5028818845748901,0.9955753684043884,0.5628336071968079,0.5423152446746826,-1.5381845235824585,0.9954184293746948,0.6357321739196777,0.6046278476715088,-1.4940186738967896,0.9971752166748047,0.6480226516723633,0.5356498956680298,-1.4090334177017212,0.9957965016365051,0.5616835355758667,0.5423620939254761,-1.438680648803711,0.9956167340278625,0.6348047256469727,0.6045280694961548,-1.4891760349273682,0.997310996055603,0.648044228553772,0.5356510877609253,-1.4036757946014404,0.9959878325462341,0.5607620477676392,0.5423917770385742,-1.43302583694458,0.9957883358001709,0.6341816782951355,0.6042517423629761,-1.5101028680801392,0.9974052906036377,0.648182213306427,0.5356210470199585,-1.4244349002838135,0.9961204528808594,0.5603728890419006,0.5423195958137512,-1.4554721117019653,0.9959319233894348,0.6335064172744751,0.6038414239883423,-1.5141736268997192,0.9974867701530457,0.6482832431793213,0.5355408787727356,-1.4286000728607178,0.9962331652641296,0.5599564909934998,0.5421753525733948,-1.459438443183899,0.9960525631904602,0.6334682106971741,0.6027716398239136,-1.5583562850952148,0.9974484443664551,0.6485205888748169,0.5350211262702942,-1.4718319177627563,0.9961698055267334,0.5599612593650818,0.5416843891143799,-1.4984874725341797,0.995999813079834,0.6334184408187866,0.6018481850624084,-1.5774155855178833,0.99741131067276,0.6486750841140747,0.5345402956008911,-1.490472435951233,0.9961085319519043,0.5599604845046997,0.5411934852600098,-1.5161172151565552,0.9959484934806824,0.6332588791847229,0.6014031767845154,-1.599277377128601,0.9974563717842102,0.6489471197128296,0.5344317555427551,-1.5122510194778442,0.9961795210838318,0.5599462985992432,0.5410471558570862,-1.5405938625335693,0.9960291981697083,0.6331725716590881,0.6008371710777283,-1.6023563146591187,0.9975115656852722,0.6491992473602295,0.5342435836791992,-1.5152819156646729,0.9962636232376099,0.5599363446235657,0.5407869815826416,-1.5453598499298096,0.9961240887641907,0.6331489682197571,0.6008798480033875,-1.492195725440979,0.9975919723510742,0.6494529843330383,0.5342898368835449,-1.4031610488891602,0.9963809847831726,0.5600020885467529,0.5408035516738892,-1.4405659437179565,0.9962523579597473,0.6331327557563782,0.600898802280426,-1.468590497970581,0.9976730942726135,0.649614155292511,0.5343207120895386,-1.379556655883789,0.9964981079101562,0.5600191354751587,0.5408081412315369,-1.4169504642486572,0.9963791966438293,0.632881224155426,0.6016210317611694,-1.5441069602966309,0.9977173805236816,0.6496276259422302,0.5350261330604553,-1.4562124013900757,0.9965853095054626,0.5598803758621216,0.5413945317268372,-1.495069980621338,0.9964757561683655,0.632809042930603,0.6021986603736877,-1.5679222345352173,0.9977419376373291,0.6496474742889404,0.5355736613273621,-1.4800564050674438,0.9966460466384888,0.5598393678665161,0.5418796539306641,-1.519448161125183,0.9965465664863586,0.6327842473983765,0.6023914813995361,-1.5564260482788086,0.9977562427520752,0.6496666073799133,0.5357502102851868,-1.4708750247955322,0.9966460466384888,0.5598370432853699,0.5422218441963196,-1.5079617500305176,0.9965596199035645,0.6327627897262573,0.6025551557540894,-1.5513129234313965,0.9977688789367676,0.6496838331222534,0.5358998775482178,-1.4666638374328613,0.996645987033844,0.5598347783088684,0.5424978733062744,-1.5024831295013428,0.9965710639953613
Terdiam,0.501745343208313,0.6216774582862854,-1.3396985530853271,0.9993730187416077,0.5581868290901184,0.5572762489318848,-1.2737098932266235,0.9989030361175537,0.45161184668540955,0.5616558790206909,-1.2648484706878662,0.9987854361534119,0.5017367005348206,0.6219000816345215,-1.3527203798294067,0.999367892742157,0.5582224726676941,0.5575178265571594,-1.28826904296875,0.9988945722579956,0.45161333680152893,0.5617735385894775,-1.2780101299285889,0.9987817406654358,0.5016972422599792,0.6220993399620056,-1.3591419458389282,0.9993648529052734,0.5582489967346191,0.5577083826065063,-1.2955470085144043,0.9988897442817688,0.4515739977359772,0.5618916153907776,-1.284490704536438,0.9987815618515015,0.5017625093460083,0.6221458315849304,-1.3587769269943237,0.9993873834609985,0.5582732558250427,0.5577433109283447,-1.2952455282211304,0.9989246726036072,0.45158201456069946,0.5619179010391235,-1.2841930389404297,0.9988259077072144,0.5018332004547119,0.6221343874931335,-1.3588021993637085,0.9994038343429565,0.558302640914917,0.5577523112297058,-1.2951217889785767,0.9989493489265442,0.45159441232681274,0.561905026435852,-1.284315586090088,0.9988579750061035,0.5020750761032104,0.6217767596244812,-1.3554006814956665,0.9994299411773682,0.5584789514541626,0.5575177669525146,-1.2907010316848755,0.9989939332008362,0.4517502784729004,0.5617481470108032,-1.2787256240844727,0.9989094734191895,0.5023491382598877,0.6213698983192444,-1.3481520414352417,0.9994537830352783,0.558659553527832,0.5572931170463562,-1.2825387716293335,0.9990345239639282,0.45190998911857605,0.5615174770355225,-1.2701126337051392,0.9989563822746277,0.5026489496231079,0.6208560466766357,-1.3246437311172485,0.9994611144065857,0.5588836669921875,0.5569883584976196,-1.2586660385131836,0.9990445375442505,0.4522486627101898,0.5611557960510254,-1.2493597269058228,0.9989738464355469,0.5027883052825928,0.6204304099082947,-1.3127902746200562,0.9994679093360901,0.5589909553527832,0.5567353367805481,-1.2473430633544922,0.9990540146827698,0.45239710807800293,0.560834527015686,-1.2387261390686035,0.9989894032478333,0.502803385257721,0.6200850605964661,-1.3145482540130615,0.9994768500328064,0.5590089559555054,0.5566588044166565,-1.2489514350891113,0.9990724325180054,0.4524777829647064,0.5605112314224243,-1.2401535511016846,0.9990143179893494,0.5028181076049805,0.6197758316993713,-1.3120129108428955,0.9994862079620361,0.5590291619300842,0.5565939545631409,-1.2462949752807617,0.9990905523300171,0.45256727933883667,0.5602017641067505,-1.2375503778457642,0.9990386366844177,0.5030129551887512,0.6197302937507629,-1.325616478919983,0.9994847774505615,0.559165894985199,0.5565918684005737,-1.2628999948501587,0.9990805387496948,0.4528489410877228,0.560093343257904,-1.2521501779556274,0.9990338683128357,0.5030966401100159,0.6196572184562683,-1.3281347751617432,0.9994840621948242,0.5592284202575684,0.5565841197967529,-1.2665424346923828,0.9990733861923218,0.4529922902584076,0.5599631071090698,-1.2548209428787231,0.9990308880805969,0.5032368898391724,0.6196086406707764,-1.3298169374465942,0.9994832873344421,0.5595353245735168,0.5565422177314758,-1.2680926322937012,0.9990763664245605,0.45312100648880005,0.5598418712615967,-1.255752682685852,0.9990321397781372,0.5033175349235535,0.6195550560951233,-1.3281406164169312,0.9994930028915405,0.5597816109657288,0.5564773082733154,-1.2660866975784302,0.9990973472595215,0.453207790851593,0.5596922636032104,-1.2532378435134888,0.9990516901016235
Terdiam,0.4710618555545807,0.6373415589332581,-1.1161887645721436,0.9997663497924805,0.5474415421485901,0.5715490579605103,-1.0818287134170532,0.9996014833450317,0.4413128197193146,0.5606647729873657,-1.0443317890167236,0.9995774030685425,0.4710482060909271,0.637362003326416,-1.1174920797348022,0.9997668862342834,0.5474460124969482,0.5715633034706116,-1.0828914642333984,0.9996017217636108,0.4413183331489563,0.5606729388237,-1.045586347579956,0.9995771050453186,0.4710440933704376,0.6375290155410767,-1.1371607780456543,0.9997692108154297,0.5474371910095215,0.5717456340789795,-1.0985814332962036,0.9996024370193481,0.4413259029388428,0.5608320236206055,-1.0649007558822632,0.9995810985565186,0.4709053635597229,0.6374763250350952,-1.0831224918365479,0.9997724890708923,0.5472345352172852,0.5716862678527832,-1.0524190664291382,0.9996103644371033,0.4411938190460205,0.5608333349227905,-1.0115526914596558,0.9995880722999573,0.47079965472221375,0.637434184551239,-1.0644676685333252,0.9997753500938416,0.5470811724662781,0.5716249346733093,-1.0354928970336914,0.9996174573898315,0.44109320640563965,0.5608330965042114,-0.9931820034980774,0.9995940923690796,0.4701922535896301,0.6349048018455505,-1.0663293600082397,0.9997721314430237,0.546208918094635,0.5700964331626892,-1.0359702110290527,0.9996135234832764,0.4408332109451294,0.5600770115852356,-0.9947913885116577,0.9995874166488647,0.46974506974220276,0.6332677006721497,-1.0669564008712769,0.9997693300247192,0.545592725276947,0.5690529346466064,-1.0367470979690552,0.9996100664138794,0.44062674045562744,0.5595356225967407,-0.995106041431427,0.9995815753936768,0.4696957468986511,0.6324005722999573,-1.0922297239303589,0.9997683763504028,0.5455523133277893,0.5684961676597595,-1.0574935674667358,0.9996078610420227,0.44059258699417114,0.5590786337852478,-1.0200475454330444,0.9995784163475037,0.4696389138698578,0.6318657398223877,-1.1032518148422241,0.9997671842575073,0.5454960465431213,0.5681473612785339,-1.0674139261245728,0.9996054172515869,0.44055724143981934,0.5587923526763916,-1.031276822090149,0.9995749592781067,0.46954968571662903,0.6318101286888123,-0.9732334613800049,0.999771773815155,0.5454725027084351,0.5681383609771729,-0.9455122947692871,0.9996108412742615,0.4405164122581482,0.5587214231491089,-0.9074077606201172,0.9995837807655334,0.4694637358188629,0.6317246556282043,-0.953287661075592,0.9997757077217102,0.5454431176185608,0.5681087970733643,-0.9260843396186829,0.9996153712272644,0.44047653675079346,0.5586312413215637,-0.8877569437026978,0.9995912313461304,0.4688108563423157,0.6316713690757751,-0.9566715955734253,0.9997590184211731,0.5449209809303284,0.56807541847229,-0.9486747980117798,0.9995921850204468,0.4399412274360657,0.5585759878158569,-0.8952009081840515,0.9995633363723755,0.468271404504776,0.6315884590148926,-0.960112452507019,0.999743640422821,0.5444439053535461,0.5680412650108337,-0.9665188789367676,0.9995707869529724,0.43951869010925293,0.558509886264801,-0.8979737758636475,0.9995379447937012,0.46777722239494324,0.6314795613288879,-0.9763503670692444,0.9997442364692688,0.5440651774406433,0.5679507255554199,-0.9662892818450928,0.9995714426040649,0.43918606638908386,0.5584384202957153,-0.9112964272499084,0.9995388388633728,0.46740126609802246,0.6313763856887817,-0.9899173378944397,0.9997451901435852,0.5437563061714172,0.5678607225418091,-0.9741563200950623,0.9995734095573425,0.43894052505493164,0.558372437953949,-0.9234652519226074,0.9995403289794922
Terdiam,0.544359564781189,0.6150915026664734,-1.3014259338378906,0.9998297691345215,0.5931054949760437,0.5578628182411194,-1.2287408113479614,0.9996986985206604,0.48868322372436523,0.5579333305358887,-1.2246699333190918,0.9996785521507263,0.5449668169021606,0.6163778305053711,-1.339435338973999,0.9998286962509155,0.593568742275238,0.5592100620269775,-1.2685726881027222,0.9996981620788574,0.48947399854660034,0.5585060715675354,-1.2629368305206299,0.9996739029884338,0.5454402565956116,0.6171212792396545,-1.3532884120941162,0.9998278617858887,0.5939531922340393,0.5598984360694885,-1.283137559890747,0.9996985197067261,0.49002885818481445,0.5588754415512085,-1.2766577005386353,0.999670147895813,0.5462431311607361,0.6172336339950562,-1.3549174070358276,0.9998282790184021,0.594476580619812,0.5601629614830017,-1.2831180095672607,0.9997008442878723,0.4909224212169647,0.5589807629585266,-1.2778801918029785,0.9996721148490906,0.5468726754188538,0.6173332333564758,-1.3542499542236328,0.9998289346694946,0.5948911905288696,0.5603667497634888,-1.28173828125,0.999703049659729,0.49163103103637695,0.5590754151344299,-1.2772951126098633,0.9996742010116577,0.5473588109016418,0.6173436641693115,-1.3510128259658813,0.9998353123664856,0.5952721238136292,0.5604491233825684,-1.2783620357513428,0.999714195728302,0.49222254753112793,0.5590917468070984,-1.273872971534729,0.9996862411499023,0.5478890538215637,0.6174050569534302,-1.3493305444717407,0.9998413324356079,0.5956407189369202,0.5606055855751038,-1.2779933214187622,0.9997245073318481,0.4927818179130554,0.5591353178024292,-1.272584319114685,0.9996975064277649,0.5480169653892517,0.6177179217338562,-1.3477994203567505,0.9998456239700317,0.5958214998245239,0.5607169270515442,-1.2758100032806396,0.9997337460517883,0.4928009510040283,0.5592498183250427,-1.270959496498108,0.999704897403717,0.5481469631195068,0.6179726719856262,-1.3466386795043945,0.9998494386672974,0.595990777015686,0.5608137249946594,-1.2742940187454224,0.9997420310974121,0.4928155839443207,0.5593541860580444,-1.2696964740753174,0.9997114539146423,0.5481720566749573,0.6180311441421509,-1.3173377513885498,0.9998531341552734,0.59609055519104,0.5608091950416565,-1.2448692321777344,0.999748170375824,0.49273866415023804,0.5594287514686584,-1.2445485591888428,0.9997179508209229,0.5481936931610107,0.6181034445762634,-1.3058803081512451,0.9998564124107361,0.5961752533912659,0.5608153939247131,-1.2332667112350464,0.9997535943984985,0.49268418550491333,0.5595139861106873,-1.2339301109313965,0.9997236728668213,0.5483545660972595,0.6180375814437866,-1.3235585689544678,0.999857485294342,0.596371054649353,0.5605847239494324,-1.2524977922439575,0.9997550845146179,0.492727667093277,0.5595352053642273,-1.2482024431228638,0.9997233152389526,0.5484941005706787,0.6180028319358826,-1.3314648866653442,0.9998591542243958,0.5965368747711182,0.5604396462440491,-1.2607039213180542,0.9997578263282776,0.4927760064601898,0.5595543384552002,-1.2545219659805298,0.9997245669364929,0.5485156178474426,0.618211030960083,-1.3692492246627808,0.9998610019683838,0.5966218709945679,0.5604470372200012,-1.2972980737686157,0.9997628927230835,0.4927753806114197,0.5596862435340881,-1.2927261590957642,0.9997296333312988,0.5485363602638245,0.6183413863182068,-1.384628415107727,0.999862551689148,0.596707820892334,0.5604468584060669,-1.3124357461929321,0.9997674822807312,0.4927698075771332,0.5597781538963318,-1.308018445968628,0.999734103679657
Terdiam,0.5575333833694458,0.6088352799415588,-1.45993971824646,0.9994430541992188,0.5944178104400635,0.547652542591095,-1.3865549564361572,0.9990007281303406,0.48780232667922974,0.5511976480484009,-1.3782992362976074,0.9990576505661011,0.556016206741333,0.6086524724960327,-1.4690507650375366,0.9994485378265381,0.5935432314872742,0.5476598739624023,-1.3974190950393677,0.9990153312683105,0.4868684411048889,0.5512092113494873,-1.382116675376892,0.9990594983100891,0.554232120513916,0.6086042523384094,-1.4576891660690308,0.9994698762893677,0.5924146175384521,0.5477647185325623,-1.3821486234664917,0.9990549683570862,0.4859090745449066,0.5513239502906799,-1.376736044883728,0.9990910887718201,0.5530248880386353,0.6085290312767029,-1.4472490549087524,0.9994906187057495,0.5916240215301514,0.5478245615959167,-1.37027108669281,0.9990932941436768,0.48520627617836,0.5513984560966492,-1.3685204982757568,0.999121904373169,0.5524033308029175,0.6086150407791138,-1.4266105890274048,0.9995245337486267,0.591124415397644,0.5482558608055115,-1.349997639656067,0.9991562962532043,0.48501667380332947,0.5518943071365356,-1.350544810295105,0.9991791248321533,0.5519109964370728,0.6086318492889404,-1.423154592514038,0.9995550513267517,0.5907076001167297,0.5484721064567566,-1.3467738628387451,0.9992130994796753,0.48483896255493164,0.5522032976150513,-1.347801685333252,0.9992307424545288,0.5513490438461304,0.6091418862342834,-1.4633854627609253,0.9995661973953247,0.5902849435806274,0.549225926399231,-1.3887460231781006,0.9992375373840332,0.48441407084465027,0.5531589984893799,-1.389899492263794,0.9992476105690002,0.5509335994720459,0.6094862222671509,-1.4757392406463623,0.9995764493942261,0.5899718403816223,0.5497444272041321,-1.4013196229934692,0.9992602467536926,0.4840947091579437,0.5538171529769897,-1.4023703336715698,0.9992632865905762,0.5503943562507629,0.6104208827018738,-1.473268747329712,0.9995700120925903,0.5896298289299011,0.5510485172271729,-1.3998823165893555,0.9992516040802002,0.4837912619113922,0.5549306273460388,-1.4009045362472534,0.9992472529411316,0.5500317215919495,0.6110421419143677,-1.4647990465164185,0.999563992023468,0.5893920660018921,0.5519202947616577,-1.3913495540618896,0.99924236536026,0.48360416293144226,0.5556851029396057,-1.393103837966919,0.9992323517799377,0.5499398708343506,0.6119152903556824,-1.4100675582885742,0.9995872378349304,0.589329183101654,0.5527282953262329,-1.3345268964767456,0.9992822408676147,0.4835653603076935,0.5565696954727173,-1.3391565084457397,0.9992702007293701,0.5496456623077393,0.6121842861175537,-1.384231686592102,0.9996041059494019,0.5892534255981445,0.5528684854507446,-1.3102892637252808,0.9993140697479248,0.4832453429698944,0.5569004416465759,-1.3099526166915894,0.9992981553077698,0.5494276285171509,0.6124697327613831,-1.3825680017471313,0.9996192455291748,0.5891932845115662,0.5530505180358887,-1.3092271089553833,0.9993428587913513,0.4830562472343445,0.5571814775466919,-1.3075919151306152,0.9993230104446411,0.5494158864021301,0.6128562688827515,-1.3938393592834473,0.9996383190155029,0.5891782641410828,0.5533484220504761,-1.3197309970855713,0.9993807077407837,0.48303455114364624,0.5574716925621033,-1.3189737796783447,0.9993578195571899,0.5494062304496765,0.6132252216339111,-1.3997673988342285,0.9996547102928162,0.5891628861427307,0.5536446571350098,-1.3252760171890259,0.9994134306907654,0.4830160439014435,0.5577555298805237,-1.3248331546783447,0.9993876814842224
Terdiam,0.4784981310367584,0.6105899810791016,-1.4951568841934204,0.9997265934944153,0.5379562377929688,0.5355072617530823,-1.420851469039917,0.9995245933532715,0.41384798288345337,0.5404469966888428,-1.426824688911438,0.9995624423027039,0.47856253385543823,0.6105906963348389,-1.4773650169372559,0.9997406601905823,0.5380082726478577,0.5355066657066345,-1.4018073081970215,0.9995483160018921,0.4138733446598053,0.5404182076454163,-1.4075349569320679,0.9995847344398499,0.4786563813686371,0.610593855381012,-1.4675661325454712,0.9997529983520508,0.538074254989624,0.5355075597763062,-1.3922514915466309,0.9995690584182739,0.4139192998409271,0.5403961539268494,-1.3971279859542847,0.9996042251586914,0.47866547107696533,0.610647439956665,-1.4767537117004395,0.9997520446777344,0.5380812883377075,0.5355619192123413,-1.4013466835021973,0.9995651245117188,0.41391521692276,0.5403916239738464,-1.40659761428833,0.9996036887168884,0.47868239879608154,0.6106667518615723,-1.480440616607666,0.9997509121894836,0.5380924344062805,0.535572350025177,-1.4052722454071045,0.9995608925819397,0.41391730308532715,0.5403813719749451,-1.4102712869644165,0.9996026754379272,0.47871333360671997,0.6108015179634094,-1.4877991676330566,0.9997519850730896,0.5381209254264832,0.5356287360191345,-1.4156532287597656,0.9995641708374023,0.41392141580581665,0.5403831601142883,-1.4196233749389648,0.9996050000190735,0.47873637080192566,0.6108854413032532,-1.4932949542999268,0.9997530579566956,0.5381421446800232,0.5356590151786804,-1.4225703477859497,0.9995673894882202,0.4139244258403778,0.5403804183006287,-1.4258438348770142,0.999607264995575,0.4787284731864929,0.6108317375183105,-1.5116748809814453,0.9997402429580688,0.5381476879119873,0.5355878472328186,-1.4420627355575562,0.9995440244674683,0.41391465067863464,0.5402012467384338,-1.4462299346923828,0.9995889663696289,0.4787216782569885,0.6107678413391113,-1.5201674699783325,0.9997290372848511,0.5381516814231873,0.5355124473571777,-1.450788140296936,0.9995237588882446,0.41390496492385864,0.5400351881980896,-1.4549367427825928,0.9995729923248291,0.4787002503871918,0.6107581257820129,-1.4981657266616821,0.9997326731681824,0.5381443500518799,0.5354714393615723,-1.4267327785491943,0.9995298385620117,0.413887083530426,0.5399530529975891,-1.42959725856781,0.9995786547660828,0.4787023961544037,0.6107420921325684,-1.49431574344635,0.9997357726097107,0.538144588470459,0.5354184508323669,-1.4221504926681519,0.9995347857475281,0.41388851404190063,0.5398747324943542,-1.424871802330017,0.9995833039283752,0.4787310063838959,0.6105562448501587,-1.4809552431106567,0.9997343420982361,0.5381585955619812,0.5352469682693481,-1.4069775342941284,0.9995325803756714,0.4139137268066406,0.5397354364395142,-1.4093812704086304,0.9995821118354797,0.4787753224372864,0.6104393601417542,-1.475731611251831,0.9997327327728271,0.5381828546524048,0.5351415872573853,-1.4012677669525146,0.9995301365852356,0.4139609634876251,0.5396567583084106,-1.4035100936889648,0.9995805025100708,0.47877663373947144,0.6103590726852417,-1.4358805418014526,0.9997409582138062,0.5381641983985901,0.5350225567817688,-1.3628764152526855,0.9995447993278503,0.4139768183231354,0.5395641326904297,-1.3639719486236572,0.9995928406715393,0.4787784814834595,0.6102961301803589,-1.4268136024475098,0.9997483491897583,0.5381463170051575,0.5349216461181641,-1.3542084693908691,0.9995579123497009,0.4139922857284546,0.5395010709762573,-1.3551605939865112,0.9996039271354675
